Workbook

Sheet 📋 Instruções
B2: 🏆 BOLÃO DA COPA DO MUNDO
B5: COMO FUNCIONA O BOLÃO
B7: 1. Aba 'Participantes' | C7: Cadastre os nomes dos participantes (máx. 20)
B8: 2. Aba 'Jogos' | C8: Lista completa de jogos com placares reais
B9: 3. Aba 'Palpites' | C9: Cada participante preenche seus palpites
B10: 4. Aba 'Pontuação' | C10: Pontos calculados automaticamente
B11: 5. Aba 'Ranking' | C11: Classificação geral com critérios de desempate
B13: SISTEMA DE PONTUAÇÃO
B15: ✅ Placar exato | C15: 3 pontos
B16: ✅ Vencedor correto + diferença de gols correta | C16: 2 pontos
B17: ✅ Somente vencedor/empate correto | C17: 1 ponto
B18: ❌ Errou | C18: 0 pontos
B20: CRITÉRIOS DE DESEMPATE
B22: 1º | C22: Maior nº de placares exatos
B23: 2º | C23: Maior nº de vencedores corretos
B24: 3º | C24: Maior pontuação em jogos eliminatórios
B25: 4º | C25: Ordem alfabética
B27: PREENCHIMENTO
B29: 🟢 Células VERDES | C29: Preencha os palpites aqui
B30: ⚪ Células CINZAS | C30: Calculadas automaticamente – não edite
B31: 🟡 Células AMARELAS | C31: Resultados reais – preencha após cada jogo

Sheet 👥 Participantes
B2: 👥 PARTICIPANTES DO BOLÃO
B5: # | C5: Nome do Participante | D5: Apelido (opcional)
B6: 1 | C6: Ana Silva
B7: 2 | C7: Bruno Costa
B8: 3 | C8: Carla Mendes
B9: 4 | C9: Diego Alves
B10: 5 | C10: Eduarda Lima
B11: 6
B12: 7
B13: 8
B14: 9
B15: 10
B16: 11
B17: 12
B18: 13
B19: 14
B20: 15
B21: 16
B22: 17
... B25: 20
C27: ↑ Preencha os nomes acima (máximo 20 participantes)

Sheet ⚽ Jogos
B2: ⚽ TABELA DE JOGOS – COPA DO MUNDO
B5: Jogo | C5: Fase | D5: Data | E5: Time 1 | F5: Gols 1 | G5: X | H5: Gols 2 | I5: Time 2 | J5: Grupo
B6: ━━━━━ GRUPO ━━━━━
B7: 1 | C7: Grupo | D7: 11/06/2026 | E7: México | F7: 2 | G7: X | H7: 0 | I7: África do Sul | J7: A
B8: 2 | C8: Grupo | D8: 11/06/2026 | E8: República da Coreia | G8: X | I8: República Tcheca | J8: A
B9: 3 | C9: Grupo | D9: 12/06/2026 | E9: Canadá | G9: X | I9: Bósnia e Herzegovina | J9: B
B10: 4 | C10: Grupo | D10: 12/06/2026 | E10: Estados Unidos | G10: X | I10: Paraguai | J10: D
B11: 5 | C11: Grupo | D11: 13/06/2026 | E11: Catar | G11: X | I11: Suíça | J11: B
B12: 6 | C12: Grupo | D12: 13/06/2026 | E12: Brasil | G12: X | I12: Marrocos | J12: C
B13: 7 | C13: Grupo | D13: 13/06/2026 | E13: Haiti | G13: X | I13: Escócia | J13: C
B14: 8 | C14: Grupo | D14: 13/06/2026 | E14: Austrália | G14: X | I14: Turquia | J14: D
B15: 9 | C15: Grupo | D15: 14/06/2026 | E15: Alemanha | G15: X | I15: Curaçau | J15: E
B16: 10 | C16: Grupo | D16: 14/06/2026 | E16: Costa do Marfim | G16: X | I16: Equador | J16: E
B17: 11 | C17: Grupo | D17: 14/06/2026 | E17: Holanda | G17: X | I17: Japão | J17: F
B18: 12 | C18: Grupo | D18: 14/06/2026 | E18: Suécia | G18: X | I18: Tunísia | J18: F
B19: 13 | C19: Grupo | D19: 15/06/2026 | E19: Espanha | G19: X | I19: Cabo Verde | J19: H
... B78: 72 | C78: Grupo | D78: 27/06/2026 | E78: Jordânia | G78: X | I78: Argentina | J78: J
B79: ━━━━━ 32-AVOS ━━━━━
B80: 73 | C80: 32-avos | D80: 28/06/2026 | E80: Segundo colocado do Grupo A | G80: X | I80: Segundo colocado do Grupo B
B81: 74 | C81: 32-avos | D81: 29/06/2026 | E81: Vencedor do Grupo E | G81: X | I81: Terceiro colocado dos Grupos A/B/C/D/F
B82: 75 | C82: 32-avos | D82: 29/06/2026 | E82: Vencedor do Grupo F | G82: X | I82: Segundo colocado do Grupo C
B83: 76 | C83: 32-avos | D83: 29/06/2026 | E83: Vencedor do Grupo C | G83: X | I83: Segundo colocado do Grupo F
B84: 77 | C84: 32-avos | D84: 30/06/2026 | E84: Vencedor do Grupo I | G84: X | I84: Terceiro colocado dos Grupos C/D/F/G/H
B85: 78 | C85: 32-avos | D85: 30/06/2026 | E85: Segundo colocado do Grupo E | G85: X | I85: Segundo colocado do Grupo I
B86: 79 | C86: 32-avos | D86: 30/06/2026 | E86: Vencedor do Grupo A | G86: X | I86: Terceiro colocado dos Grupos C/E/F/H/I
B87: 80 | C87: 32-avos | D87: 01/07/2026 | E87: Vencedor do Grupo L | G87: X | I87: Terceiro colocado dos Grupos E/H/I/J/K
B88: 81 | C88: 32-avos | D88: 01/07/2026 | E88: Vencedor do Grupo D | G88: X | I88: Terceiro colocado dos Grupos B/E/F/I/J
B89: 82 | C89: 32-avos | D89: 01/07/2026 | E89: Vencedor do Grupo G | G89: X | I89: Terceiro colocado dos Grupos A/E/H/I/J
B90: 83 | C90: 32-avos | D90: 02/07/2026 | E90: Segundo colocado do Grupo K | G90: X | I90: Segundo colocado do Grupo L
B91: 84 | C91: 32-avos | D91: 02/07/2026 | E91: Vencedor do Grupo H | G91: X | I91: Segundo colocado do Grupo J
... B95: 88 | C95: 32-avos | D95: 03/07/2026 | E95: Segundo colocado do Grupo D | G95: X | I95: Segundo colocado do Grupo G
B96: ━━━━━ OITAVAS ━━━━━
B97: 89 | C97: Oitavas | D97: 04/07/2026 | E97: Vencedor do jogo 74 | G97: X | I97: Vencedor do jogo 77
B98: 90 | C98: Oitavas | D98: 04/07/2026 | E98: Vencedor do jogo 73 | G98: X | I98: Vencedor do jogo 75
B99: 91 | C99: Oitavas | D99: 05/07/2026 | E99: Vencedor do jogo 76 | G99: X | I99: Vencedor do jogo 78
B100: 92 | C100: Oitavas | D100: 05/07/2026 | E100: Vencedor do jogo 79 | G100: X | I100: Vencedor do jogo 80
B101: 93 | C101: Oitavas | D101: 06/07/2026 | E101: Vencedor do jogo 83 | G101: X | I101: Vencedor do jogo 84
B102: 94 | C102: Oitavas | D102: 06/07/2026 | E102: Vencedor do jogo 81 | G102: X | I102: Vencedor do jogo 82
B103: 95 | C103: Oitavas | D103: 07/07/2026 | E103: Vencedor do jogo 86 | G103: X | I103: Vencedor do jogo 88
B104: 96 | C104: Oitavas | D104: 07/07/2026 | E104: Vencedor do jogo 85 | G104: X | I104: Vencedor do jogo 87
B105: ━━━━━ QUARTAS ━━━━━
B106: 97 | C106: Quartas | D106: 09/07/2026 | E106: Vencedor do jogo 89 | G106: X | I106: Vencedor do jogo 90
B107: 98 | C107: Quartas | D107: 10/07/2026 | E107: Vencedor do jogo 93 | G107: X | I107: Vencedor do jogo 94
B108: 99 | C108: Quartas | D108: 12/07/2026 | E108: Vencedor do jogo 91 | G108: X | I108: Vencedor do jogo 92
B109: 100 | C109: Quartas | D109: 12/07/2026 | E109: Vencedor do jogo 95 | G109: X | I109: Vencedor do jogo 96
B110: ━━━━━ SEMIFINAL ━━━━━
B111: 101 | C111: Semifinal | D111: 14/07/2026 | E111: Vencedor do jogo 97 | G111: X | I111: Vencedor do jogo 98
B112: 102 | C112: Semifinal | D112: 15/07/2026 | E112: Vencedor do jogo 99 | G112: X | I112: Vencedor do jogo 100
B113: ━━━━━ 3º LUGAR ━━━━━
B114: 103 | C114: 3º Lugar | D114: 18/07/2026 | E114: Perdedor do jogo 101 | G114: X | I114: Perdedor do jogo 102
B115: ━━━━━ FINAL ━━━━━
B116: 104 | C116: Final | D116: 19/07/2026 | E116: Vencedor do jogo 101 | G116: X | I116: Vencedor do jogo 102
B118: 🟡 Preencha as colunas 'Gols 1' e 'Gols 2' com os resultados reais após cada jogo

Sheet 🎯 Palpites
B2: 🎯 PALPITES – PARTICIPANTES 1 a 10
B5: # | C5: Time 1 | D5: X | E5: Time 2 | F5: ='👥 Participantes'!C6 -> Ana Silva | H5: ='👥 Participantes'!C7 -> Bruno Costa | J5: ='👥 Participantes'!C8 -> Carla Mendes | L5: ='👥 Participantes'!C9 -> Diego Alves | N5: ='👥 Participantes'!C10 -> Eduarda Lima | P5: ='👥 Participantes'!C11 | R5: ='👥 Participantes'!C12 | T5: ='👥 Participantes'!C13 | V5: ='👥 Participantes'!C14 | X5: ='👥 Participantes'!C15
F6: T1 | G6: T2 | H6: T1 | I6: T2 | J6: T1 | K6: T2 | L6: T1 | M6: T2 | N6: T1 | O6: T2 | P6: T1 | Q6: T2 | R6: T1 | S6: T2 | T6: T1 | U6: T2 | V6: T1 | W6: T2 | X6: T1 | Y6: T2
B7: ━━━ GRUPO ━━━
B8: 1 | C8: México | D8: X | E8: África do Sul | F8: 1 | G8: 0 | H8: 2 | I8: 0 | J8: 3 | K8: 1 | L8: 1 | M8: 1 | N8: 0 | O8: 1
B9: 2 | C9: República da Coreia | D9: X | E9: República Tcheca
B10: 3 | C10: Canadá | D10: X | E10: Bósnia e Herzegovina
B11: 4 | C11: Estados Unidos | D11: X | E11: Paraguai
B12: 5 | C12: Catar | D12: X | E12: Suíça
B13: 6 | C13: Brasil | D13: X | E13: Marrocos
B14: 7 | C14: Haiti | D14: X | E14: Escócia
B15: 8 | C15: Austrália | D15: X | E15: Turquia
B16: 9 | C16: Alemanha | D16: X | E16: Curaçau
B17: 10 | C17: Costa do Marfim | D17: X | E17: Equador
B18: 11 | C18: Holanda | D18: X | E18: Japão
B19: 12 | C19: Suécia | D19: X | E19: Tunísia
B20: 13 | C20: Espanha | D20: X | E20: Cabo Verde
... B79: 72 | C79: Jordânia | D79: X | E79: Argentina
B80: ━━━ 32-AVOS ━━━
B81: 73 | C81: Segundo colocado do Grupo A | D81: X | E81: Segundo colocado do Grupo B
B82: 74 | C82: Vencedor do Grupo E | D82: X | E82: Terceiro colocado dos Grupos A/B/C/D/F
B83: 75 | C83: Vencedor do Grupo F | D83: X | E83: Segundo colocado do Grupo C
B84: 76 | C84: Vencedor do Grupo C | D84: X | E84: Segundo colocado do Grupo F
B85: 77 | C85: Vencedor do Grupo I | D85: X | E85: Terceiro colocado dos Grupos C/D/F/G/H
B86: 78 | C86: Segundo colocado do Grupo E | D86: X | E86: Segundo colocado do Grupo I
B87: 79 | C87: Vencedor do Grupo A | D87: X | E87: Terceiro colocado dos Grupos C/E/F/H/I
B88: 80 | C88: Vencedor do Grupo L | D88: X | E88: Terceiro colocado dos Grupos E/H/I/J/K
B89: 81 | C89: Vencedor do Grupo D | D89: X | E89: Terceiro colocado dos Grupos B/E/F/I/J
B90: 82 | C90: Vencedor do Grupo G | D90: X | E90: Terceiro colocado dos Grupos A/E/H/I/J
B91: 83 | C91: Segundo colocado do Grupo K | D91: X | E91: Segundo colocado do Grupo L
B92: 84 | C92: Vencedor do Grupo H | D92: X | E92: Segundo colocado do Grupo J
... B96: 88 | C96: Segundo colocado do Grupo D | D96: X | E96: Segundo colocado do Grupo G
B97: ━━━ OITAVAS ━━━
B98: 89 | C98: Vencedor do jogo 74 | D98: X | E98: Vencedor do jogo 77
B99: 90 | C99: Vencedor do jogo 73 | D99: X | E99: Vencedor do jogo 75
B100: 91 | C100: Vencedor do jogo 76 | D100: X | E100: Vencedor do jogo 78
B101: 92 | C101: Vencedor do jogo 79 | D101: X | E101: Vencedor do jogo 80
B102: 93 | C102: Vencedor do jogo 83 | D102: X | E102: Vencedor do jogo 84
B103: 94 | C103: Vencedor do jogo 81 | D103: X | E103: Vencedor do jogo 82
B104: 95 | C104: Vencedor do jogo 86 | D104: X | E104: Vencedor do jogo 88
B105: 96 | C105: Vencedor do jogo 85 | D105: X | E105: Vencedor do jogo 87
B106: ━━━ QUARTAS ━━━
B107: 97 | C107: Vencedor do jogo 89 | D107: X | E107: Vencedor do jogo 90
B108: 98 | C108: Vencedor do jogo 93 | D108: X | E108: Vencedor do jogo 94
B109: 99 | C109: Vencedor do jogo 91 | D109: X | E109: Vencedor do jogo 92
B110: 100 | C110: Vencedor do jogo 95 | D110: X | E110: Vencedor do jogo 96
B111: ━━━ SEMIFINAL ━━━
B112: 101 | C112: Vencedor do jogo 97 | D112: X | E112: Vencedor do jogo 98
B113: 102 | C113: Vencedor do jogo 99 | D113: X | E113: Vencedor do jogo 100
B114: ━━━ 3º LUGAR ━━━
B115: 103 | C115: Perdedor do jogo 101 | D115: X | E115: Perdedor do jogo 102
B116: ━━━ FINAL ━━━
B117: 104 | C117: Vencedor do jogo 101 | D117: X | E117: Vencedor do jogo 102

Sheet 🎯 Palpites (11-20)
B2: 🎯 PALPITES – PARTICIPANTES 11 a 20
B5: # | C5: Time 1 | D5: X | E5: Time 2 | F5: ='👥 Participantes'!C16 | H5: ='👥 Participantes'!C17 | J5: ='👥 Participantes'!C18 | L5: ='👥 Participantes'!C19 | N5: ='👥 Participantes'!C20 | P5: ='👥 Participantes'!C21 | R5: ='👥 Participantes'!C22 | T5: ='👥 Participantes'!C23 | V5: ='👥 Participantes'!C24 | X5: ='👥 Participantes'!C25
F6: T1 | G6: T2 | H6: T1 | I6: T2 | J6: T1 | K6: T2 | L6: T1 | M6: T2 | N6: T1 | O6: T2 | P6: T1 | Q6: T2 | R6: T1 | S6: T2 | T6: T1 | U6: T2 | V6: T1 | W6: T2 | X6: T1 | Y6: T2
B7: ━━━ GRUPO ━━━
B8: 1 | C8: México | D8: X | E8: África do Sul
B9: 2 | C9: República da Coreia | D9: X | E9: República Tcheca
B10: 3 | C10: Canadá | D10: X | E10: Bósnia e Herzegovina
B11: 4 | C11: Estados Unidos | D11: X | E11: Paraguai
B12: 5 | C12: Catar | D12: X | E12: Suíça
B13: 6 | C13: Brasil | D13: X | E13: Marrocos
B14: 7 | C14: Haiti | D14: X | E14: Escócia
B15: 8 | C15: Austrália | D15: X | E15: Turquia
B16: 9 | C16: Alemanha | D16: X | E16: Curaçau
B17: 10 | C17: Costa do Marfim | D17: X | E17: Equador
B18: 11 | C18: Holanda | D18: X | E18: Japão
B19: 12 | C19: Suécia | D19: X | E19: Tunísia
... B79: 72 | C79: Jordânia | D79: X | E79: Argentina
B80: ━━━ 32-AVOS ━━━
B81: 73 | C81: Segundo colocado do Grupo A | D81: X | E81: Segundo colocado do Grupo B
B82: 74 | C82: Vencedor do Grupo E | D82: X | E82: Terceiro colocado dos Grupos A/B/C/D/F
B83: 75 | C83: Vencedor do Grupo F | D83: X | E83: Segundo colocado do Grupo C
B84: 76 | C84: Vencedor do Grupo C | D84: X | E84: Segundo colocado do Grupo F
B85: 77 | C85: Vencedor do Grupo I | D85: X | E85: Terceiro colocado dos Grupos C/D/F/G/H
B86: 78 | C86: Segundo colocado do Grupo E | D86: X | E86: Segundo colocado do Grupo I
B87: 79 | C87: Vencedor do Grupo A | D87: X | E87: Terceiro colocado dos Grupos C/E/F/H/I
B88: 80 | C88: Vencedor do Grupo L | D88: X | E88: Terceiro colocado dos Grupos E/H/I/J/K
B89: 81 | C89: Vencedor do Grupo D | D89: X | E89: Terceiro colocado dos Grupos B/E/F/I/J
B90: 82 | C90: Vencedor do Grupo G | D90: X | E90: Terceiro colocado dos Grupos A/E/H/I/J
B91: 83 | C91: Segundo colocado do Grupo K | D91: X | E91: Segundo colocado do Grupo L
B92: 84 | C92: Vencedor do Grupo H | D92: X | E92: Segundo colocado do Grupo J
... B96: 88 | C96: Segundo colocado do Grupo D | D96: X | E96: Segundo colocado do Grupo G
B97: ━━━ OITAVAS ━━━
B98: 89 | C98: Vencedor do jogo 74 | D98: X | E98: Vencedor do jogo 77
B99: 90 | C99: Vencedor do jogo 73 | D99: X | E99: Vencedor do jogo 75
B100: 91 | C100: Vencedor do jogo 76 | D100: X | E100: Vencedor do jogo 78
B101: 92 | C101: Vencedor do jogo 79 | D101: X | E101: Vencedor do jogo 80
B102: 93 | C102: Vencedor do jogo 83 | D102: X | E102: Vencedor do jogo 84
B103: 94 | C103: Vencedor do jogo 81 | D103: X | E103: Vencedor do jogo 82
B104: 95 | C104: Vencedor do jogo 86 | D104: X | E104: Vencedor do jogo 88
B105: 96 | C105: Vencedor do jogo 85 | D105: X | E105: Vencedor do jogo 87
B106: ━━━ QUARTAS ━━━
B107: 97 | C107: Vencedor do jogo 89 | D107: X | E107: Vencedor do jogo 90
B108: 98 | C108: Vencedor do jogo 93 | D108: X | E108: Vencedor do jogo 94
B109: 99 | C109: Vencedor do jogo 91 | D109: X | E109: Vencedor do jogo 92
B110: 100 | C110: Vencedor do jogo 95 | D110: X | E110: Vencedor do jogo 96
B111: ━━━ SEMIFINAL ━━━
B112: 101 | C112: Vencedor do jogo 97 | D112: X | E112: Vencedor do jogo 98
B113: 102 | C113: Vencedor do jogo 99 | D113: X | E113: Vencedor do jogo 100
B114: ━━━ 3º LUGAR ━━━
B115: 103 | C115: Perdedor do jogo 101 | D115: X | E115: Perdedor do jogo 102
B116: ━━━ FINAL ━━━
B117: 104 | C117: Vencedor do jogo 101 | D117: X | E117: Vencedor do jogo 102

Sheet 📊 Pontuação
B2: 📊 PONTUAÇÃO POR JOGO
B5: # | C5: Time 1 | D5: Time 2 | E5: ='👥 Participantes'!C6 -> Ana Silva | F5: ='👥 Participantes'!C7 -> Bruno Costa | G5: ='👥 Participantes'!C8 -> Carla Mendes | H5: ='👥 Participantes'!C9 -> Diego Alves | I5: ='👥 Participantes'!C10 -> Eduarda Lima | J5: ='👥 Participantes'!C11 | K5: ='👥 Participantes'!C12 | L5: ='👥 Participantes'!C13 | M5: ='👥 Participantes'!C14 | N5: ='👥 Participantes'!C15 | O5: ='👥 Participantes'!C16 | P5: ='👥 Participantes'!C17 | Q5: ='👥 Participantes'!C18 | R5: ='👥 Participantes'!C19 | S5: ='👥 Participantes'!C20 | T5: ='👥 Participantes'!C21 | U5: ='👥 Participantes'!C22 | V5: ='👥 Participantes'!C23 | W5: ='👥 Participantes'!C24 | X5: ='👥 Participantes'!C25
B7: ━━━ GRUPO ━━━
B8: 1 | C8: México | D8: África do Sul | E8: =IF(OR(NOT(ISNUMBER('⚽ Jogos'!F7)),NOT(ISNUMBER('⚽ Jogos'!H7)),NOT(ISNUMBER('🎯 Palpites'!F8)),NOT(ISNUMBER('🎯 Palpites'!G8))),"", IF(AND('🎯 Palpites'!F8='⚽ Jogos'!F7,'🎯 Palpites'!G8='⚽ Jogos'!H7),3, IF(AND(SIGN('🎯 Palpites'!F8-'🎯 Palpites'!G8)=SIGN('⚽ Jogos'!F7-'⚽ Jogos'!H7),('🎯 Palpites'!F8-'🎯 Palpites'!G8)=('⚽ Jogos'!F7-'⚽ Jogos'!H7)),2, IF(SIGN('🎯 Palpites'!F8-'🎯 Palpites'!G8)=SIGN('⚽ Jogos'!F7-'⚽ Jogos'!H7),1, 0)))) -> 1 | F8: =IF(OR(NOT(ISNUMBER('⚽ Jogos'!F7)),NOT(ISNUMBER('⚽ Jogos'!H7)),NOT(ISNUMBER('🎯 Palpites'!H8)),NOT(ISNUMBER('🎯 Palpites'!I8))),"", IF(AND('🎯 Palpites'!H8='⚽ Jogos'!F7,'🎯 Palpites'!I8='⚽ Jogos'!H7),3, IF(AND(SIGN('🎯 Palpites'!H8-'🎯 Palpites'!I8)=SIGN('⚽ Jogos'!F7-'⚽ Jogos'!H7),('🎯 Palpites'!H8-'🎯 Palpites'!I8)=('⚽ Jogos'!F7-'⚽ Jogos'!H7)),2, IF(SIGN('🎯 Palpites'!H8-'🎯 Palpites'!I8)=SIGN('⚽ Jogos'!F7-'⚽ Jogos'!H7),1, 0)))) -> 3 | G8: =IF(OR(NOT(ISNUMBER('⚽ Jogos'!F7)),NOT(ISNUMBER('⚽ Jogos'!H7)),NOT(ISNUMBER('🎯 Palpites'!J8)),NOT(ISNUMBER('🎯 Palpites'!K8))),"", IF(AND('🎯 Palpites'!J8='⚽ Jogos'!F7,'🎯 Palpites'!K8='⚽ Jogos'!H7),3, IF(AND(SIGN('🎯 Palpites'!J8-'🎯 Palpites'!K8)=SIGN('⚽ Jogos'!F7-'⚽ Jogos'!H7),('🎯 Palpites'!J8-'🎯 Palpites'!K8)=('⚽ Jogos'!F7-'⚽ Jogos'!H7)),2, IF(SIGN('🎯 Palpites'!J8-'🎯 Palpites'!K8)=SIGN('⚽ Jogos'!F7-'⚽ Jogos'!H7),1, 0)))) -> 2 | H8: =IF(OR(NOT(ISNUMBER('⚽ Jogos'!F7)),NOT(ISNUMBER('⚽ Jogos'!H7)),NOT(ISNUMBER('🎯 Palpites'!L8)),NOT(ISNUMBER('🎯 Palpites'!M8))),"", IF(AND('🎯 Palpites'!L8='⚽ Jogos'!F7,'🎯 Palpites'!M8='⚽ Jogos'!H7),3, IF(AND(SIGN('🎯 Palpites'!L8-'🎯 Palpites'!M8)=SIGN('⚽ Jogos'!F7-'⚽ Jogos'!H7),('🎯 Palpites'!L8-'🎯 Palpites'!M8)=('⚽ Jogos'!F7-'⚽ Jogos'!H7)),2, IF(SIGN('🎯 Palpites'!L8-'🎯 Palpites'!M8)=SIGN('⚽ Jogos'!F7-'⚽ Jogos'!H7),1, 0)))) -> 0 | I8: =IF(OR(NOT(ISNUMBER('⚽ Jogos'!F7)),NOT(ISNUMBER('⚽ Jogos'!H7)),NOT(ISNUMBER('🎯 Palpites'!N8)),NOT(ISNUMBER('🎯 Palpites'!O8))),"", IF(AND('🎯 Palpites'!N8='⚽ Jogos'!F7,'🎯 Palpites'!O8='⚽ Jogos'!H7),3, IF(AND(SIGN('🎯 Palpites'!N8-'🎯 Palpites'!O8)=SIGN('⚽ Jogos'!F7-'⚽ Jogos'!H7),('🎯 Palpites'!N8-'🎯 Palpites'!O8)=('⚽ Jogos'!F7-'⚽ Jogos'!H7)),2, IF(SIGN('🎯 Palpites'!N8-'🎯 Palpites'!O8)=SIGN('⚽ Jogos'!F7-'⚽ Jogos'!H7),1, 0)))) -> 0 | J8: =IF(OR(NOT(ISNUMBER('⚽ Jogos'!F7)),NOT(ISNUMBER('⚽ Jogos'!H7)),NOT(ISNUMBER('🎯 Palpites'!P8)),NOT(ISNUMBER('🎯 Palpites'!Q8))),"", IF(AND('🎯 Palpites'!P8='⚽ Jogos'!F7,'🎯 Palpites'!Q8='⚽ Jogos'!H7),3, IF(AND(SIGN('🎯 Palpites'!P8-'🎯 Palpites'!Q8)=SIGN('⚽ Jogos'!F7-'⚽ Jogos'!H7),('🎯 Palpites'!P8-'🎯 Palpites'!Q8)=('⚽ Jogos'!F7-'⚽ Jogos'!H7)),2, IF(SIGN('🎯 Palpites'!P8-'🎯 Palpites'!Q8)=SIGN('⚽ Jogos'!F7-'⚽ Jogos'!H7),1, 0)))) | K8: =IF(OR(NOT(ISNUMBER('⚽ Jogos'!F7)),NOT(ISNUMBER('⚽ Jogos'!H7)),NOT(ISNUMBER('🎯 Palpites'!R8)),NOT(ISNUMBER('🎯 Palpites'!S8))),"", IF(AND('🎯 Palpites'!R8='⚽ Jogos'!F7,'🎯 Palpites'!S8='⚽ Jogos'!H7),3, IF(AND(SIGN('🎯 Palpites'!R8-'🎯 Palpites'!S8)=SIGN('⚽ Jogos'!F7-'⚽ Jogos'!H7),('🎯 Palpites'!R8-'🎯 Palpites'!S8)=('⚽ Jogos'!F7-'⚽ Jogos'!H7)),2, IF(SIGN('🎯 Palpites'!R8-'🎯 Palpites'!S8)=SIGN('⚽ Jogos'!F7-'⚽ Jogos'!H7),1, 0)))) | L8: =IF(OR(NOT(ISNUMBER('⚽ Jogos'!F7)),NOT(ISNUMBER('⚽ Jogos'!H7)),NOT(ISNUMBER('🎯 Palpites'!T8)),NOT(ISNUMBER('🎯 Palpites'!U8))),"", IF(AND('🎯 Palpites'!T8='⚽ Jogos'!F7,'🎯 Palpites'!U8='⚽ Jogos'!H7),3, IF(AND(SIGN('🎯 Palpites'!T8-'🎯 Palpites'!U8)=SIGN('⚽ Jogos'!F7-'⚽ Jogos'!H7),('🎯 Palpites'!T8-'🎯 Palpites'!U8)=('⚽ Jogos'!F7-'⚽ Jogos'!H7)),2, IF(SIGN('🎯 Palpites'!T8-'🎯 Palpites'!U8)=SIGN('⚽ Jogos'!F7-'⚽ Jogos'!H7),1, 0)))) | M8: =IF(OR(NOT(ISNUMBER('⚽ Jogos'!F7)),NOT(ISNUMBER('⚽ Jogos'!H7)),NOT(ISNUMBER('🎯 Palpites'!V8)),NOT(ISNUMBER('🎯 Palpites'!W8))),"", IF(AND('🎯 Palpites'!V8='⚽ Jogos'!F7,'🎯 Palpites'!W8='⚽ Jogos'!H7),3, IF(AND(SIGN('🎯 Palpites'!V8-'🎯 Palpites'!W8)=SIGN('⚽ Jogos'!F7-'⚽ Jogos'!H7),('🎯 Palpites'!V8-'🎯 Palpites'!W8)=('⚽ Jogos'!F7-'⚽ Jogos'!H7)),2, IF(SIGN('🎯 Palpites'!V8-'🎯 Palpites'!W8)=SIGN('⚽ Jogos'!F7-'⚽ Jogos'!H7),1, 0)))) | N8: =IF(OR(NOT(ISNUMBER('⚽ Jogos'!F7)),NOT(ISNUMBER('⚽ Jogos'!H7)),NOT(ISNUMBER('🎯 Palpites'!X8)),NOT(ISNUMBER('🎯 Palpites'!Y8))),"", IF(AND('🎯 Palpites'!X8='⚽ Jogos'!F7,'🎯 Palpites'!Y8='⚽ Jogos'!H7),3, IF(AND(SIGN('🎯 Palpites'!X8-'🎯 Palpites'!Y8)=SIGN('⚽ Jogos'!F7-'⚽ Jogos'!H7),('🎯 Palpites'!X8-'🎯 Palpites'!Y8)=('⚽ Jogos'!F7-'⚽ Jogos'!H7)),2, IF(SIGN('🎯 Palpites'!X8-'🎯 Palpites'!Y8)=SIGN('⚽ Jogos'!F7-'⚽ Jogos'!H7),1, 0)))) | O8: =IF(OR(NOT(ISNUMBER('⚽ Jogos'!F7)),NOT(ISNUMBER('⚽ Jogos'!H7)),NOT(ISNUMBER('🎯 Palpites (11-20)'!F8)),NOT(ISNUMBER('🎯 Palpites (11-20)'!G8))),"", IF(AND('🎯 Palpites (11-20)'!F8='⚽ Jogos'!F7,'🎯 Palpites (11-20)'!G8='⚽ Jogos'!H7),3, IF(AND(SIGN('🎯 Palpites (11-20)'!F8-'🎯 Palpites (11-20)'!G8)=SIGN('⚽ Jogos'!F7-'⚽ Jogos'!H7),('🎯 Palpites (11-20)'!F8-'🎯 Palpites (11-20)'!G8)=('⚽ Jogos'!F7-'⚽ Jogos'!H7)),2, IF(SIGN('🎯 Palpites (11-20)'!F8-'🎯 Palpites (11-20)'!G8)=SIGN('⚽ Jogos'!F7-'⚽ Jogos'!H7),1, 0)))) | P8: =IF(OR(NOT(ISNUMBER('⚽ Jogos'!F7)),NOT(ISNUMBER('⚽ Jogos'!H7)),NOT(ISNUMBER('🎯 Palpites (11-20)'!H8)),NOT(ISNUMBER('🎯 Palpites (11-20)'!I8))),"", IF(AND('🎯 Palpites (11-20)'!H8='⚽ Jogos'!F7,'🎯 Palpites (11-20)'!I8='⚽ Jogos'!H7),3, IF(AND(SIGN('🎯 Palpites (11-20)'!H8-'🎯 Palpites (11-20)'!I8)=SIGN('⚽ Jogos'!F7-'⚽ Jogos'!H7),('🎯 Palpites (11-20)'!H8-'🎯 Palpites (11-20)'!I8)=('⚽ Jogos'!F7-'⚽ Jogos'!H7)),2, IF(SIGN('🎯 Palpites (11-20)'!H8-'🎯 Palpites (11-20)'!I8)=SIGN('⚽ Jogos'!F7-'⚽ Jogos'!H7),1, 0)))) | Q8: =IF(OR(NOT(ISNUMBER('⚽ Jogos'!F7)),NOT(ISNUMBER('⚽ Jogos'!H7)),NOT(ISNUMBER('🎯 Palpites (11-20)'!J8)),NOT(ISNUMBER('🎯 Palpites (11-20)'!K8))),"", IF(AND('🎯 Palpites (11-20)'!J8='⚽ Jogos'!F7,'🎯 Palpites (11-20)'!K8='⚽ Jogos'!H7),3, IF(AND(SIGN('🎯 Palpites (11-20)'!J8-'🎯 Palpites (11-20)'!K8)=SIGN('⚽ Jogos'!F7-'⚽ Jogos'!H7),('🎯 Palpites (11-20)'!J8-'🎯 Palpites (11-20)'!K8)=('⚽ Jogos'!F7-'⚽ Jogos'!H7)),2, IF(SIGN('🎯 Palpites (11-20)'!J8-'🎯 Palpites (11-20)'!K8)=SIGN('⚽ Jogos'!F7-'⚽ Jogos'!H7),1, 0)))) | R8: =IF(OR(NOT(ISNUMBER('⚽ Jogos'!F7)),NOT(ISNUMBER('⚽ Jogos'!H7)),NOT(ISNUMBER('🎯 Palpites (11-20)'!L8)),NOT(ISNUMBER('🎯 Palpites (11-20)'!M8))),"", IF(AND('🎯 Palpites (11-20)'!L8='⚽ Jogos'!F7,'🎯 Palpites (11-20)'!M8='⚽ Jogos'!H7),3, IF(AND(SIGN('🎯 Palpites (11-20)'!L8-'🎯 Palpites (11-20)'!M8)=SIGN('⚽ Jogos'!F7-'⚽ Jogos'!H7),('🎯 Palpites (11-20)'!L8-'🎯 Palpites (11-20)'!M8)=('⚽ Jogos'!F7-'⚽ Jogos'!H7)),2, IF(SIGN('🎯 Palpites (11-20)'!L8-'🎯 Palpites (11-20)'!M8)=SIGN('⚽ Jogos'!F7-'⚽ Jogos'!H7),1, 0)))) | S8: =IF(OR(NOT(ISNUMBER('⚽ Jogos'!F7)),NOT(ISNUMBER('⚽ Jogos'!H7)),NOT(ISNUMBER('🎯 Palpites (11-20)'!N8)),NOT(ISNUMBER('🎯 Palpites (11-20)'!O8))),"", IF(AND('🎯 Palpites (11-20)'!N8='⚽ Jogos'!F7,'🎯 Palpites (11-20)'!O8='⚽ Jogos'!H7),3, IF(AND(SIGN('🎯 Palpites (11-20)'!N8-'🎯 Palpites (11-20)'!O8)=SIGN('⚽ Jogos'!F7-'⚽ Jogos'!H7),('🎯 Palpites (11-20)'!N8-'🎯 Palpites (11-20)'!O8)=('⚽ Jogos'!F7-'⚽ Jogos'!H7)),2, IF(SIGN('🎯 Palpites (11-20)'!N8-'🎯 Palpites (11-20)'!O8)=SIGN('⚽ Jogos'!F7-'⚽ Jogos'!H7),1, 0)))) | T8: =IF(OR(NOT(ISNUMBER('⚽ Jogos'!F7)),NOT(ISNUMBER('⚽ Jogos'!H7)),NOT(ISNUMBER('🎯 Palpites (11-20)'!P8)),NOT(ISNUMBER('🎯 Palpites (11-20)'!Q8))),"", IF(AND('🎯 Palpites (11-20)'!P8='⚽ Jogos'!F7,'🎯 Palpites (11-20)'!Q8='⚽ Jogos'!H7),3, IF(AND(SIGN('🎯 Palpites (11-20)'!P8-'🎯 Palpites (11-20)'!Q8)=SIGN('⚽ Jogos'!F7-'⚽ Jogos'!H7),('🎯 Palpites (11-20)'!P8-'🎯 Palpites (11-20)'!Q8)=('⚽ Jogos'!F7-'⚽ Jogos'!H7)),2, IF(SIGN('🎯 Palpites (11-20)'!P8-'🎯 Palpites (11-20)'!Q8)=SIGN('⚽ Jogos'!F7-'⚽ Jogos'!H7),1, 0)))) | U8: =IF(OR(NOT(ISNUMBER('⚽ Jogos'!F7)),NOT(ISNUMBER('⚽ Jogos'!H7)),NOT(ISNUMBER('🎯 Palpites (11-20)'!R8)),NOT(ISNUMBER('🎯 Palpites (11-20)'!S8))),"", IF(AND('🎯 Palpites (11-20)'!R8='⚽ Jogos'!F7,'🎯 Palpites (11-20)'!S8='⚽ Jogos'!H7),3, IF(AND(SIGN('🎯 Palpites (11-20)'!R8-'🎯 Palpites (11-20)'!S8)=SIGN('⚽ Jogos'!F7-'⚽ Jogos'!H7),('🎯 Palpites (11-20)'!R8-'🎯 Palpites (11-20)'!S8)=('⚽ Jogos'!F7-'⚽ Jogos'!H7)),2, IF(SIGN('🎯 Palpites (11-20)'!R8-'🎯 Palpites (11-20)'!S8)=SIGN('⚽ Jogos'!F7-'⚽ Jogos'!H7),1, 0)))) | V8: =IF(OR(NOT(ISNUMBER('⚽ Jogos'!F7)),NOT(ISNUMBER('⚽ Jogos'!H7)),NOT(ISNUMBER('🎯 Palpites (11-20)'!T8)),NOT(ISNUMBER('🎯 Palpites (11-20)'!U8))),"", IF(AND('🎯 Palpites (11-20)'!T8='⚽ Jogos'!F7,'🎯 Palpites (11-20)'!U8='⚽ Jogos'!H7),3, IF(AND(SIGN('🎯 Palpites (11-20)'!T8-'🎯 Palpites (11-20)'!U8)=SIGN('⚽ Jogos'!F7-'⚽ Jogos'!H7),('🎯 Palpites (11-20)'!T8-'🎯 Palpites (11-20)'!U8)=('⚽ Jogos'!F7-'⚽ Jogos'!H7)),2, IF(SIGN('🎯 Palpites (11-20)'!T8-'🎯 Palpites (11-20)'!U8)=SIGN('⚽ Jogos'!F7-'⚽ Jogos'!H7),1, 0)))) | W8: =IF(OR(NOT(ISNUMBER('⚽ Jogos'!F7)),NOT(ISNUMBER('⚽ Jogos'!H7)),NOT(ISNUMBER('🎯 Palpites (11-20)'!V8)),NOT(ISNUMBER('🎯 Palpites (11-20)'!W8))),"", IF(AND('🎯 Palpites (11-20)'!V8='⚽ Jogos'!F7,'🎯 Palpites (11-20)'!W8='⚽ Jogos'!H7),3, IF(AND(SIGN('🎯 Palpites (11-20)'!V8-'🎯 Palpites (11-20)'!W8)=SIGN('⚽ Jogos'!F7-'⚽ Jogos'!H7),('🎯 Palpites (11-20)'!V8-'🎯 Palpites (11-20)'!W8)=('⚽ Jogos'!F7-'⚽ Jogos'!H7)),2, IF(SIGN('🎯 Palpites (11-20)'!V8-'🎯 Palpites (11-20)'!W8)=SIGN('⚽ Jogos'!F7-'⚽ Jogos'!H7),1, 0)))) | X8: =IF(OR(NOT(ISNUMBER('⚽ Jogos'!F7)),NOT(ISNUMBER('⚽ Jogos'!H7)),NOT(ISNUMBER('🎯 Palpites (11-20)'!X8)),NOT(ISNUMBER('🎯 Palpites (11-20)'!Y8))),"", IF(AND('🎯 Palpites (11-20)'!X8='⚽ Jogos'!F7,'🎯 Palpites (11-20)'!Y8='⚽ Jogos'!H7),3, IF(AND(SIGN('🎯 Palpites (11-20)'!X8-'🎯 Palpites (11-20)'!Y8)=SIGN('⚽ Jogos'!F7-'⚽ Jogos'!H7),('🎯 Palpites (11-20)'!X8-'🎯 Palpites (11-20)'!Y8)=('⚽ Jogos'!F7-'⚽ Jogos'!H7)),2, IF(SIGN('🎯 Palpites (11-20)'!X8-'🎯 Palpites (11-20)'!Y8)=SIGN('⚽ Jogos'!F7-'⚽ Jogos'!H7),1, 0))))
B9: 2 | C9: República da Coreia | D9: República Tcheca | E9: =IF(OR(NOT(ISNUMBER('⚽ Jogos'!F8)),NOT(ISNUMBER('⚽ Jogos'!H8)),NOT(ISNUMBER('🎯 Palpites'!F9)),NOT(ISNUMBER('🎯 Palpites'!G9))),"", IF(AND('🎯 Palpites'!F9='⚽ Jogos'!F8,'🎯 Palpites'!G9='⚽ Jogos'!H8),3, IF(AND(SIGN('🎯 Palpites'!F9-'🎯 Palpites'!G9)=SIGN('⚽ Jogos'!F8-'⚽ Jogos'!H8),('🎯 Palpites'!F9-'🎯 Palpites'!G9)=('⚽ Jogos'!F8-'⚽ Jogos'!H8)),2, IF(SIGN('🎯 Palpites'!F9-'🎯 Palpites'!G9)=SIGN('⚽ Jogos'!F8-'⚽ Jogos'!H8),1, 0)))) | F9: =IF(OR(NOT(ISNUMBER('⚽ Jogos'!F8)),NOT(ISNUMBER('⚽ Jogos'!H8)),NOT(ISNUMBER('🎯 Palpites'!H9)),NOT(ISNUMBER('🎯 Palpites'!I9))),"", IF(AND('🎯 Palpites'!H9='⚽ Jogos'!F8,'🎯 Palpites'!I9='⚽ Jogos'!H8),3, IF(AND(SIGN('🎯 Palpites'!H9-'🎯 Palpites'!I9)=SIGN('⚽ Jogos'!F8-'⚽ Jogos'!H8),('🎯 Palpites'!H9-'🎯 Palpites'!I9)=('⚽ Jogos'!F8-'⚽ Jogos'!H8)),2, IF(SIGN('🎯 Palpites'!H9-'🎯 Palpites'!I9)=SIGN('⚽ Jogos'!F8-'⚽ Jogos'!H8),1, 0)))) | G9: =IF(OR(NOT(ISNUMBER('⚽ Jogos'!F8)),NOT(ISNUMBER('⚽ Jogos'!H8)),NOT(ISNUMBER('🎯 Palpites'!J9)),NOT(ISNUMBER('🎯 Palpites'!K9))),"", IF(AND('🎯 Palpites'!J9='⚽ Jogos'!F8,'🎯 Palpites'!K9='⚽ Jogos'!H8),3, IF(AND(SIGN('🎯 Palpites'!J9-'🎯 Palpites'!K9)=SIGN('⚽ Jogos'!F8-'⚽ Jogos'!H8),('🎯 Palpites'!J9-'🎯 Palpites'!K9)=('⚽ Jogos'!F8-'⚽ Jogos'!H8)),2, IF(SIGN('🎯 Palpites'!J9-'🎯 Palpites'!K9)=SIGN('⚽ Jogos'!F8-'⚽ Jogos'!H8),1, 0)))) | H9: =IF(OR(NOT(ISNUMBER('⚽ Jogos'!F8)),NOT(ISNUMBER('⚽ Jogos'!H8)),NOT(ISNUMBER('🎯 Palpites'!L9)),NOT(ISNUMBER('🎯 Palpites'!M9))),"", IF(AND('🎯 Palpites'!L9='⚽ Jogos'!F8,'🎯 Palpites'!M9='⚽ Jogos'!H8),3, IF(AND(SIGN('🎯 Palpites'!L9-'🎯 Palpites'!M9)=SIGN('⚽ Jogos'!F8-'⚽ Jogos'!H8),('🎯 Palpites'!L9-'🎯 Palpites'!M9)=('⚽ Jogos'!F8-'⚽ Jogos'!H8)),2, IF(SIGN('🎯 Palpites'!L9-'🎯 Palpites'!M9)=SIGN('⚽ Jogos'!F8-'⚽ Jogos'!H8),1, 0)))) | I9: =IF(OR(NOT(ISNUMBER('⚽ Jogos'!F8)),NOT(ISNUMBER('⚽ Jogos'!H8)),NOT(ISNUMBER('🎯 Palpites'!N9)),NOT(ISNUMBER('🎯 Palpites'!O9))),"", IF(AND('🎯 Palpites'!N9='⚽ Jogos'!F8,'🎯 Palpites'!O9='⚽ Jogos'!H8),3, IF(AND(SIGN('🎯 Palpites'!N9-'🎯 Palpites'!O9)=SIGN('⚽ Jogos'!F8-'⚽ Jogos'!H8),('🎯 Palpites'!N9-'🎯 Palpites'!O9)=('⚽ Jogos'!F8-'⚽ Jogos'!H8)),2, IF(SIGN('🎯 Palpites'!N9-'🎯 Palpites'!O9)=SIGN('⚽ Jogos'!F8-'⚽ Jogos'!H8),1, 0)))) | J9: =IF(OR(NOT(ISNUMBER('⚽ Jogos'!F8)),NOT(ISNUMBER('⚽ Jogos'!H8)),NOT(ISNUMBER('🎯 Palpites'!P9)),NOT(ISNUMBER('🎯 Palpites'!Q9))),"", IF(AND('🎯 Palpites'!P9='⚽ Jogos'!F8,'🎯 Palpites'!Q9='⚽ Jogos'!H8),3, IF(AND(SIGN('🎯 Palpites'!P9-'🎯 Palpites'!Q9)=SIGN('⚽ Jogos'!F8-'⚽ Jogos'!H8),('🎯 Palpites'!P9-'🎯 Palpites'!Q9)=('⚽ Jogos'!F8-'⚽ Jogos'!H8)),2, IF(SIGN('🎯 Palpites'!P9-'🎯 Palpites'!Q9)=SIGN('⚽ Jogos'!F8-'⚽ Jogos'!H8),1, 0)))) | K9: =IF(OR(NOT(ISNUMBER('⚽ Jogos'!F8)),NOT(ISNUMBER('⚽ Jogos'!H8)),NOT(ISNUMBER('🎯 Palpites'!R9)),NOT(ISNUMBER('🎯 Palpites'!S9))),"", IF(AND('🎯 Palpites'!R9='⚽ Jogos'!F8,'🎯 Palpites'!S9='⚽ Jogos'!H8),3, IF(AND(SIGN('🎯 Palpites'!R9-'🎯 Palpites'!S9)=SIGN('⚽ Jogos'!F8-'⚽ Jogos'!H8),('🎯 Palpites'!R9-'🎯 Palpites'!S9)=('⚽ Jogos'!F8-'⚽ Jogos'!H8)),2, IF(SIGN('🎯 Palpites'!R9-'🎯 Palpites'!S9)=SIGN('⚽ Jogos'!F8-'⚽ Jogos'!H8),1, 0)))) | L9: =IF(OR(NOT(ISNUMBER('⚽ Jogos'!F8)),NOT(ISNUMBER('⚽ Jogos'!H8)),NOT(ISNUMBER('🎯 Palpites'!T9)),NOT(ISNUMBER('🎯 Palpites'!U9))),"", IF(AND('🎯 Palpites'!T9='⚽ Jogos'!F8,'🎯 Palpites'!U9='⚽ Jogos'!H8),3, IF(AND(SIGN('🎯 Palpites'!T9-'🎯 Palpites'!U9)=SIGN('⚽ Jogos'!F8-'⚽ Jogos'!H8),('🎯 Palpites'!T9-'🎯 Palpites'!U9)=('⚽ Jogos'!F8-'⚽ Jogos'!H8)),2, IF(SIGN('🎯 Palpites'!T9-'🎯 Palpites'!U9)=SIGN('⚽ Jogos'!F8-'⚽ Jogos'!H8),1, 0)))) | M9: =IF(OR(NOT(ISNUMBER('⚽ Jogos'!F8)),NOT(ISNUMBER('⚽ Jogos'!H8)),NOT(ISNUMBER('🎯 Palpites'!V9)),NOT(ISNUMBER('🎯 Palpites'!W9))),"", IF(AND('🎯 Palpites'!V9='⚽ Jogos'!F8,'🎯 Palpites'!W9='⚽ Jogos'!H8),3, IF(AND(SIGN('🎯 Palpites'!V9-'🎯 Palpites'!W9)=SIGN('⚽ Jogos'!F8-'⚽ Jogos'!H8),('🎯 Palpites'!V9-'🎯 Palpites'!W9)=('⚽ Jogos'!F8-'⚽ Jogos'!H8)),2, IF(SIGN('🎯 Palpites'!V9-'🎯 Palpites'!W9)=SIGN('⚽ Jogos'!F8-'⚽ Jogos'!H8),1, 0)))) | N9: =IF(OR(NOT(ISNUMBER('⚽ Jogos'!F8)),NOT(ISNUMBER('⚽ Jogos'!H8)),NOT(ISNUMBER('🎯 Palpites'!X9)),NOT(ISNUMBER('🎯 Palpites'!Y9))),"", IF(AND('🎯 Palpites'!X9='⚽ Jogos'!F8,'🎯 Palpites'!Y9='⚽ Jogos'!H8),3, IF(AND(SIGN('🎯 Palpites'!X9-'🎯 Palpites'!Y9)=SIGN('⚽ Jogos'!F8-'⚽ Jogos'!H8),('🎯 Palpites'!X9-'🎯 Palpites'!Y9)=('⚽ Jogos'!F8-'⚽ Jogos'!H8)),2, IF(SIGN('🎯 Palpites'!X9-'🎯 Palpites'!Y9)=SIGN('⚽ Jogos'!F8-'⚽ Jogos'!H8),1, 0)))) | O9: =IF(OR(NOT(ISNUMBER('⚽ Jogos'!F8)),NOT(ISNUMBER('⚽ Jogos'!H8)),NOT(ISNUMBER('🎯 Palpites (11-20)'!F9)),NOT(ISNUMBER('🎯 Palpites (11-20)'!G9))),"", IF(AND('🎯 Palpites (11-20)'!F9='⚽ Jogos'!F8,'🎯 Palpites (11-20)'!G9='⚽ Jogos'!H8),3, IF(AND(SIGN('🎯 Palpites (11-20)'!F9-'🎯 Palpites (11-20)'!G9)=SIGN('⚽ Jogos'!F8-'⚽ Jogos'!H8),('🎯 Palpites (11-20)'!F9-'🎯 Palpites (11-20)'!G9)=('⚽ Jogos'!F8-'⚽ Jogos'!H8)),2, IF(SIGN('🎯 Palpites (11-20)'!F9-'🎯 Palpites (11-20)'!G9)=SIGN('⚽ Jogos'!F8-'⚽ Jogos'!H8),1, 0)))) | P9: =IF(OR(NOT(ISNUMBER('⚽ Jogos'!F8)),NOT(ISNUMBER('⚽ Jogos'!H8)),NOT(ISNUMBER('🎯 Palpites (11-20)'!H9)),NOT(ISNUMBER('🎯 Palpites (11-20)'!I9))),"", IF(AND('🎯 Palpites (11-20)'!H9='⚽ Jogos'!F8,'🎯 Palpites (11-20)'!I9='⚽ Jogos'!H8),3, IF(AND(SIGN('🎯 Palpites (11-20)'!H9-'🎯 Palpites (11-20)'!I9)=SIGN('⚽ Jogos'!F8-'⚽ Jogos'!H8),('🎯 Palpites (11-20)'!H9-'🎯 Palpites (11-20)'!I9)=('⚽ Jogos'!F8-'⚽ Jogos'!H8)),2, IF(SIGN('🎯 Palpites (11-20)'!H9-'🎯 Palpites (11-20)'!I9)=SIGN('⚽ Jogos'!F8-'⚽ Jogos'!H8),1, 0)))) | Q9: =IF(OR(NOT(ISNUMBER('⚽ Jogos'!F8)),NOT(ISNUMBER('⚽ Jogos'!H8)),NOT(ISNUMBER('🎯 Palpites (11-20)'!J9)),NOT(ISNUMBER('🎯 Palpites (11-20)'!K9))),"", IF(AND('🎯 Palpites (11-20)'!J9='⚽ Jogos'!F8,'🎯 Palpites (11-20)'!K9='⚽ Jogos'!H8),3, IF(AND(SIGN('🎯 Palpites (11-20)'!J9-'🎯 Palpites (11-20)'!K9)=SIGN('⚽ Jogos'!F8-'⚽ Jogos'!H8),('🎯 Palpites (11-20)'!J9-'🎯 Palpites (11-20)'!K9)=('⚽ Jogos'!F8-'⚽ Jogos'!H8)),2, IF(SIGN('🎯 Palpites (11-20)'!J9-'🎯 Palpites (11-20)'!K9)=SIGN('⚽ Jogos'!F8-'⚽ Jogos'!H8),1, 0)))) | R9: =IF(OR(NOT(ISNUMBER('⚽ Jogos'!F8)),NOT(ISNUMBER('⚽ Jogos'!H8)),NOT(ISNUMBER('🎯 Palpites (11-20)'!L9)),NOT(ISNUMBER('🎯 Palpites (11-20)'!M9))),"", IF(AND('🎯 Palpites (11-20)'!L9='⚽ Jogos'!F8,'🎯 Palpites (11-20)'!M9='⚽ Jogos'!H8),3, IF(AND(SIGN('🎯 Palpites (11-20)'!L9-'🎯 Palpites (11-20)'!M9)=SIGN('⚽ Jogos'!F8-'⚽ Jogos'!H8),('🎯 Palpites (11-20)'!L9-'🎯 Palpites (11-20)'!M9)=('⚽ Jogos'!F8-'⚽ Jogos'!H8)),2, IF(SIGN('🎯 Palpites (11-20)'!L9-'🎯 Palpites (11-20)'!M9)=SIGN('⚽ Jogos'!F8-'⚽ Jogos'!H8),1, 0)))) | S9: =IF(OR(NOT(ISNUMBER('⚽ Jogos'!F8)),NOT(ISNUMBER('⚽ Jogos'!H8)),NOT(ISNUMBER('🎯 Palpites (11-20)'!N9)),NOT(ISNUMBER('🎯 Palpites (11-20)'!O9))),"", IF(AND('🎯 Palpites (11-20)'!N9='⚽ Jogos'!F8,'🎯 Palpites (11-20)'!O9='⚽ Jogos'!H8),3, IF(AND(SIGN('🎯 Palpites (11-20)'!N9-'🎯 Palpites (11-20)'!O9)=SIGN('⚽ Jogos'!F8-'⚽ Jogos'!H8),('🎯 Palpites (11-20)'!N9-'🎯 Palpites (11-20)'!O9)=('⚽ Jogos'!F8-'⚽ Jogos'!H8)),2, IF(SIGN('🎯 Palpites (11-20)'!N9-'🎯 Palpites (11-20)'!O9)=SIGN('⚽ Jogos'!F8-'⚽ Jogos'!H8),1, 0)))) | T9: =IF(OR(NOT(ISNUMBER('⚽ Jogos'!F8)),NOT(ISNUMBER('⚽ Jogos'!H8)),NOT(ISNUMBER('🎯 Palpites (11-20)'!P9)),NOT(ISNUMBER('🎯 Palpites (11-20)'!Q9))),"", IF(AND('🎯 Palpites (11-20)'!P9='⚽ Jogos'!F8,'🎯 Palpites (11-20)'!Q9='⚽ Jogos'!H8),3, IF(AND(SIGN('🎯 Palpites (11-20)'!P9-'🎯 Palpites (11-20)'!Q9)=SIGN('⚽ Jogos'!F8-'⚽ Jogos'!H8),('🎯 Palpites (11-20)'!P9-'🎯 Palpites (11-20)'!Q9)=('⚽ Jogos'!F8-'⚽ Jogos'!H8)),2, IF(SIGN('🎯 Palpites (11-20)'!P9-'🎯 Palpites (11-20)'!Q9)=SIGN('⚽ Jogos'!F8-'⚽ Jogos'!H8),1, 0)))) | U9: =IF(OR(NOT(ISNUMBER('⚽ Jogos'!F8)),NOT(ISNUMBER('⚽ Jogos'!H8)),NOT(ISNUMBER('🎯 Palpites (11-20)'!R9)),NOT(ISNUMBER('🎯 Palpites (11-20)'!S9))),"", IF(AND('🎯 Palpites (11-20)'!R9='⚽ Jogos'!F8,'🎯 Palpites (11-20)'!S9='⚽ Jogos'!H8),3, IF(AND(SIGN('🎯 Palpites (11-20)'!R9-'🎯 Palpites (11-20)'!S9)=SIGN('⚽ Jogos'!F8-'⚽ Jogos'!H8),('🎯 Palpites (11-20)'!R9-'🎯 Palpites (11-20)'!S9)=('⚽ Jogos'!F8-'⚽ Jogos'!H8)),2, IF(SIGN('🎯 Palpites (11-20)'!R9-'🎯 Palpites (11-20)'!S9)=SIGN('⚽ Jogos'!F8-'⚽ Jogos'!H8),1, 0)))) | V9: =IF(OR(NOT(ISNUMBER('⚽ Jogos'!F8)),NOT(ISNUMBER('⚽ Jogos'!H8)),NOT(ISNUMBER('🎯 Palpites (11-20)'!T9)),NOT(ISNUMBER('🎯 Palpites (11-20)'!U9))),"", IF(AND('🎯 Palpites (11-20)'!T9='⚽ Jogos'!F8,'🎯 Palpites (11-20)'!U9='⚽ Jogos'!H8),3, IF(AND(SIGN('🎯 Palpites (11-20)'!T9-'🎯 Palpites (11-20)'!U9)=SIGN('⚽ Jogos'!F8-'⚽ Jogos'!H8),('🎯 Palpites (11-20)'!T9-'🎯 Palpites (11-20)'!U9)=('⚽ Jogos'!F8-'⚽ Jogos'!H8)),2, IF(SIGN('🎯 Palpites (11-20)'!T9-'🎯 Palpites (11-20)'!U9)=SIGN('⚽ Jogos'!F8-'⚽ Jogos'!H8),1, 0)))) | W9: =IF(OR(NOT(ISNUMBER('⚽ Jogos'!F8)),NOT(ISNUMBER('⚽ Jogos'!H8)),NOT(ISNUMBER('🎯 Palpites (11-20)'!V9)),NOT(ISNUMBER('🎯 Palpites (11-20)'!W9))),"", IF(AND('🎯 Palpites (11-20)'!V9='⚽ Jogos'!F8,'🎯 Palpites (11-20)'!W9='⚽ Jogos'!H8),3, IF(AND(SIGN('🎯 Palpites (11-20)'!V9-'🎯 Palpites (11-20)'!W9)=SIGN('⚽ Jogos'!F8-'⚽ Jogos'!H8),('🎯 Palpites (11-20)'!V9-'🎯 Palpites (11-20)'!W9)=('⚽ Jogos'!F8-'⚽ Jogos'!H8)),2, IF(SIGN('🎯 Palpites (11-20)'!V9-'🎯 Palpites (11-20)'!W9)=SIGN('⚽ Jogos'!F8-'⚽ Jogos'!H8),1, 0)))) | X9: =IF(OR(NOT(ISNUMBER('⚽ Jogos'!F8)),NOT(ISNUMBER('⚽ Jogos'!H8)),NOT(ISNUMBER('🎯 Palpites (11-20)'!X9)),NOT(ISNUMBER('🎯 Palpites (11-20)'!Y9))),"", IF(AND('🎯 Palpites (11-20)'!X9='⚽ Jogos'!F8,'🎯 Palpites (11-20)'!Y9='⚽ Jogos'!H8),3, IF(AND(SIGN('🎯 Palpites (11-20)'!X9-'🎯 Palpites (11-20)'!Y9)=SIGN('⚽ Jogos'!F8-'⚽ Jogos'!H8),('🎯 Palpites (11-20)'!X9-'🎯 Palpites (11-20)'!Y9)=('⚽ Jogos'!F8-'⚽ Jogos'!H8)),2, IF(SIGN('🎯 Palpites (11-20)'!X9-'🎯 Palpites (11-20)'!Y9)=SIGN('⚽ Jogos'!F8-'⚽ Jogos'!H8),1, 0))))
B10: 3 | C10: Canadá | D10: Bósnia e Herzegovina | E10: =IF(OR(NOT(ISNUMBER('⚽ Jogos'!F9)),NOT(ISNUMBER('⚽ Jogos'!H9)),NOT(ISNUMBER('🎯 Palpites'!F10)),NOT(ISNUMBER('🎯 Palpites'!G10))),"", IF(AND('🎯 Palpites'!F10='⚽ Jogos'!F9,'🎯 Palpites'!G10='⚽ Jogos'!H9),3, IF(AND(SIGN('🎯 Palpites'!F10-'🎯 Palpites'!G10)=SIGN('⚽ Jogos'!F9-'⚽ Jogos'!H9),('🎯 Palpites'!F10-'🎯 Palpites'!G10)=('⚽ Jogos'!F9-'⚽ Jogos'!H9)),2, IF(SIGN('🎯 Palpites'!F10-'🎯 Palpites'!G10)=SIGN('⚽ Jogos'!F9-'⚽ Jogos'!H9),1, 0)))) | F10: =IF(OR(NOT(ISNUMBER('⚽ Jogos'!F9)),NOT(ISNUMBER('⚽ Jogos'!H9)),NOT(ISNUMBER('🎯 Palpites'!H10)),NOT(ISNUMBER('🎯 Palpites'!I10))),"", IF(AND('🎯 Palpites'!H10='⚽ Jogos'!F9,'🎯 Palpites'!I10='⚽ Jogos'!H9),3, IF(AND(SIGN('🎯 Palpites'!H10-'🎯 Palpites'!I10)=SIGN('⚽ Jogos'!F9-'⚽ Jogos'!H9),('🎯 Palpites'!H10-'🎯 Palpites'!I10)=('⚽ Jogos'!F9-'⚽ Jogos'!H9)),2, IF(SIGN('🎯 Palpites'!H10-'🎯 Palpites'!I10)=SIGN('⚽ Jogos'!F9-'⚽ Jogos'!H9),1, 0)))) | G10: =IF(OR(NOT(ISNUMBER('⚽ Jogos'!F9)),NOT(ISNUMBER('⚽ Jogos'!H9)),NOT(ISNUMBER('🎯 Palpites'!J10)),NOT(ISNUMBER('🎯 Palpites'!K10))),"", IF(AND('🎯 Palpites'!J10='⚽ Jogos'!F9,'🎯 Palpites'!K10='⚽ Jogos'!H9),3, IF(AND(SIGN('🎯 Palpites'!J10-'🎯 Palpites'!K10)=SIGN('⚽ Jogos'!F9-'⚽ Jogos'!H9),('🎯 Palpites'!J10-'🎯 Palpites'!K10)=('⚽ Jogos'!F9-'⚽ Jogos'!H9)),2, IF(SIGN('🎯 Palpites'!J10-'🎯 Palpites'!K10)=SIGN('⚽ Jogos'!F9-'⚽ Jogos'!H9),1, 0)))) | H10: =IF(OR(NOT(ISNUMBER('⚽ Jogos'!F9)),NOT(ISNUMBER('⚽ Jogos'!H9)),NOT(ISNUMBER('🎯 Palpites'!L10)),NOT(ISNUMBER('🎯 Palpites'!M10))),"", IF(AND('🎯 Palpites'!L10='⚽ Jogos'!F9,'🎯 Palpites'!M10='⚽ Jogos'!H9),3, IF(AND(SIGN('🎯 Palpites'!L10-'🎯 Palpites'!M10)=SIGN('⚽ Jogos'!F9-'⚽ Jogos'!H9),('🎯 Palpites'!L10-'🎯 Palpites'!M10)=('⚽ Jogos'!F9-'⚽ Jogos'!H9)),2, IF(SIGN('🎯 Palpites'!L10-'🎯 Palpites'!M10)=SIGN('⚽ Jogos'!F9-'⚽ Jogos'!H9),1, 0)))) | I10: =IF(OR(NOT(ISNUMBER('⚽ Jogos'!F9)),NOT(ISNUMBER('⚽ Jogos'!H9)),NOT(ISNUMBER('🎯 Palpites'!N10)),NOT(ISNUMBER('🎯 Palpites'!O10))),"", IF(AND('🎯 Palpites'!N10='⚽ Jogos'!F9,'🎯 Palpites'!O10='⚽ Jogos'!H9),3, IF(AND(SIGN('🎯 Palpites'!N10-'🎯 Palpites'!O10)=SIGN('⚽ Jogos'!F9-'⚽ Jogos'!H9),('🎯 Palpites'!N10-'🎯 Palpites'!O10)=('⚽ Jogos'!F9-'⚽ Jogos'!H9)),2, IF(SIGN('🎯 Palpites'!N10-'🎯 Palpites'!O10)=SIGN('⚽ Jogos'!F9-'⚽ Jogos'!H9),1, 0)))) | J10: =IF(OR(NOT(ISNUMBER('⚽ Jogos'!F9)),NOT(ISNUMBER('⚽ Jogos'!H9)),NOT(ISNUMBER('🎯 Palpites'!P10)),NOT(ISNUMBER('🎯 Palpites'!Q10))),"", IF(AND('🎯 Palpites'!P10='⚽ Jogos'!F9,'🎯 Palpites'!Q10='⚽ Jogos'!H9),3, IF(AND(SIGN('🎯 Palpites'!P10-'🎯 Palpites'!Q10)=SIGN('⚽ Jogos'!F9-'⚽ Jogos'!H9),('🎯 Palpites'!P10-'🎯 Palpites'!Q10)=('⚽ Jogos'!F9-'⚽ Jogos'!H9)),2, IF(SIGN('🎯 Palpites'!P10-'🎯 Palpites'!Q10)=SIGN('⚽ Jogos'!F9-'⚽ Jogos'!H9),1, 0)))) | K10: =IF(OR(NOT(ISNUMBER('⚽ Jogos'!F9)),NOT(ISNUMBER('⚽ Jogos'!H9)),NOT(ISNUMBER('🎯 Palpites'!R10)),NOT(ISNUMBER('🎯 Palpites'!S10))),"", IF(AND('🎯 Palpites'!R10='⚽ Jogos'!F9,'🎯 Palpites'!S10='⚽ Jogos'!H9),3, IF(AND(SIGN('🎯 Palpites'!R10-'🎯 Palpites'!S10)=SIGN('⚽ Jogos'!F9-'⚽ Jogos'!H9),('🎯 Palpites'!R10-'🎯 Palpites'!S10)=('⚽ Jogos'!F9-'⚽ Jogos'!H9)),2, IF(SIGN('🎯 Palpites'!R10-'🎯 Palpites'!S10)=SIGN('⚽ Jogos'!F9-'⚽ Jogos'!H9),1, 0)))) | L10: =IF(OR(NOT(ISNUMBER('⚽ Jogos'!F9)),NOT(ISNUMBER('⚽ Jogos'!H9)),NOT(ISNUMBER('🎯 Palpites'!T10)),NOT(ISNUMBER('🎯 Palpites'!U10))),"", IF(AND('🎯 Palpites'!T10='⚽ Jogos'!F9,'🎯 Palpites'!U10='⚽ Jogos'!H9),3, IF(AND(SIGN('🎯 Palpites'!T10-'🎯 Palpites'!U10)=SIGN('⚽ Jogos'!F9-'⚽ Jogos'!H9),('🎯 Palpites'!T10-'🎯 Palpites'!U10)=('⚽ Jogos'!F9-'⚽ Jogos'!H9)),2, IF(SIGN('🎯 Palpites'!T10-'🎯 Palpites'!U10)=SIGN('⚽ Jogos'!F9-'⚽ Jogos'!H9),1, 0)))) | M10: =IF(OR(NOT(ISNUMBER('⚽ Jogos'!F9)),NOT(ISNUMBER('⚽ Jogos'!H9)),NOT(ISNUMBER('🎯 Palpites'!V10)),NOT(ISNUMBER('🎯 Palpites'!W10))),"", IF(AND('🎯 Palpites'!V10='⚽ Jogos'!F9,'🎯 Palpites'!W10='⚽ Jogos'!H9),3, IF(AND(SIGN('🎯 Palpites'!V10-'🎯 Palpites'!W10)=SIGN('⚽ Jogos'!F9-'⚽ Jogos'!H9),('🎯 Palpites'!V10-'🎯 Palpites'!W10)=('⚽ Jogos'!F9-'⚽ Jogos'!H9)),2, IF(SIGN('🎯 Palpites'!V10-'🎯 Palpites'!W10)=SIGN('⚽ Jogos'!F9-'⚽ Jogos'!H9),1, 0)))) | N10: =IF(OR(NOT(ISNUMBER('⚽ Jogos'!F9)),NOT(ISNUMBER('⚽ Jogos'!H9)),NOT(ISNUMBER('🎯 Palpites'!X10)),NOT(ISNUMBER('🎯 Palpites'!Y10))),"", IF(AND('🎯 Palpites'!X10='⚽ Jogos'!F9,'🎯 Palpites'!Y10='⚽ Jogos'!H9),3, IF(AND(SIGN('🎯 Palpites'!X10-'🎯 Palpites'!Y10)=SIGN('⚽ Jogos'!F9-'⚽ Jogos'!H9),('🎯 Palpites'!X10-'🎯 Palpites'!Y10)=('⚽ Jogos'!F9-'⚽ Jogos'!H9)),2, IF(SIGN('🎯 Palpites'!X10-'🎯 Palpites'!Y10)=SIGN('⚽ Jogos'!F9-'⚽ Jogos'!H9),1, 0)))) | O10: =IF(OR(NOT(ISNUMBER('⚽ Jogos'!F9)),NOT(ISNUMBER('⚽ Jogos'!H9)),NOT(ISNUMBER('🎯 Palpites (11-20)'!F10)),NOT(ISNUMBER('🎯 Palpites (11-20)'!G10))),"", IF(AND('🎯 Palpites (11-20)'!F10='⚽ Jogos'!F9,'🎯 Palpites (11-20)'!G10='⚽ Jogos'!H9),3, IF(AND(SIGN('🎯 Palpites (11-20)'!F10-'🎯 Palpites (11-20)'!G10)=SIGN('⚽ Jogos'!F9-'⚽ Jogos'!H9),('🎯 Palpites (11-20)'!F10-'🎯 Palpites (11-20)'!G10)=('⚽ Jogos'!F9-'⚽ Jogos'!H9)),2, IF(SIGN('🎯 Palpites (11-20)'!F10-'🎯 Palpites (11-20)'!G10)=SIGN('⚽ Jogos'!F9-'⚽ Jogos'!H9),1, 0)))) | P10: =IF(OR(NOT(ISNUMBER('⚽ Jogos'!F9)),NOT(ISNUMBER('⚽ Jogos'!H9)),NOT(ISNUMBER('🎯 Palpites (11-20)'!H10)),NOT(ISNUMBER('🎯 Palpites (11-20)'!I10))),"", IF(AND('🎯 Palpites (11-20)'!H10='⚽ Jogos'!F9,'🎯 Palpites (11-20)'!I10='⚽ Jogos'!H9),3, IF(AND(SIGN('🎯 Palpites (11-20)'!H10-'🎯 Palpites (11-20)'!I10)=SIGN('⚽ Jogos'!F9-'⚽ Jogos'!H9),('🎯 Palpites (11-20)'!H10-'🎯 Palpites (11-20)'!I10)=('⚽ Jogos'!F9-'⚽ Jogos'!H9)),2, IF(SIGN('🎯 Palpites (11-20)'!H10-'🎯 Palpites (11-20)'!I10)=SIGN('⚽ Jogos'!F9-'⚽ Jogos'!H9),1, 0)))) | Q10: =IF(OR(NOT(ISNUMBER('⚽ Jogos'!F9)),NOT(ISNUMBER('⚽ Jogos'!H9)),NOT(ISNUMBER('🎯 Palpites (11-20)'!J10)),NOT(ISNUMBER('🎯 Palpites (11-20)'!K10))),"", IF(AND('🎯 Palpites (11-20)'!J10='⚽ Jogos'!F9,'🎯 Palpites (11-20)'!K10='⚽ Jogos'!H9),3, IF(AND(SIGN('🎯 Palpites (11-20)'!J10-'🎯 Palpites (11-20)'!K10)=SIGN('⚽ Jogos'!F9-'⚽ Jogos'!H9),('🎯 Palpites (11-20)'!J10-'🎯 Palpites (11-20)'!K10)=('⚽ Jogos'!F9-'⚽ Jogos'!H9)),2, IF(SIGN('🎯 Palpites (11-20)'!J10-'🎯 Palpites (11-20)'!K10)=SIGN('⚽ Jogos'!F9-'⚽ Jogos'!H9),1, 0)))) | R10: =IF(OR(NOT(ISNUMBER('⚽ Jogos'!F9)),NOT(ISNUMBER('⚽ Jogos'!H9)),NOT(ISNUMBER('🎯 Palpites (11-20)'!L10)),NOT(ISNUMBER('🎯 Palpites (11-20)'!M10))),"", IF(AND('🎯 Palpites (11-20)'!L10='⚽ Jogos'!F9,'🎯 Palpites (11-20)'!M10='⚽ Jogos'!H9),3, IF(AND(SIGN('🎯 Palpites (11-20)'!L10-'🎯 Palpites (11-20)'!M10)=SIGN('⚽ Jogos'!F9-'⚽ Jogos'!H9),('🎯 Palpites (11-20)'!L10-'🎯 Palpites (11-20)'!M10)=('⚽ Jogos'!F9-'⚽ Jogos'!H9)),2, IF(SIGN('🎯 Palpites (11-20)'!L10-'🎯 Palpites (11-20)'!M10)=SIGN('⚽ Jogos'!F9-'⚽ Jogos'!H9),1, 0)))) | S10: =IF(OR(NOT(ISNUMBER('⚽ Jogos'!F9)),NOT(ISNUMBER('⚽ Jogos'!H9)),NOT(ISNUMBER('🎯 Palpites (11-20)'!N10)),NOT(ISNUMBER('🎯 Palpites (11-20)'!O10))),"", IF(AND('🎯 Palpites (11-20)'!N10='⚽ Jogos'!F9,'🎯 Palpites (11-20)'!O10='⚽ Jogos'!H9),3, IF(AND(SIGN('🎯 Palpites (11-20)'!N10-'🎯 Palpites (11-20)'!O10)=SIGN('⚽ Jogos'!F9-'⚽ Jogos'!H9),('🎯 Palpites (11-20)'!N10-'🎯 Palpites (11-20)'!O10)=('⚽ Jogos'!F9-'⚽ Jogos'!H9)),2, IF(SIGN('🎯 Palpites (11-20)'!N10-'🎯 Palpites (11-20)'!O10)=SIGN('⚽ Jogos'!F9-'⚽ Jogos'!H9),1, 0)))) | T10: =IF(OR(NOT(ISNUMBER('⚽ Jogos'!F9)),NOT(ISNUMBER('⚽ Jogos'!H9)),NOT(ISNUMBER('🎯 Palpites (11-20)'!P10)),NOT(ISNUMBER('🎯 Palpites (11-20)'!Q10))),"", IF(AND('🎯 Palpites (11-20)'!P10='⚽ Jogos'!F9,'🎯 Palpites (11-20)'!Q10='⚽ Jogos'!H9),3, IF(AND(SIGN('🎯 Palpites (11-20)'!P10-'🎯 Palpites (11-20)'!Q10)=SIGN('⚽ Jogos'!F9-'⚽ Jogos'!H9),('🎯 Palpites (11-20)'!P10-'🎯 Palpites (11-20)'!Q10)=('⚽ Jogos'!F9-'⚽ Jogos'!H9)),2, IF(SIGN('🎯 Palpites (11-20)'!P10-'🎯 Palpites (11-20)'!Q10)=SIGN('⚽ Jogos'!F9-'⚽ Jogos'!H9),1, 0)))) | U10: =IF(OR(NOT(ISNUMBER('⚽ Jogos'!F9)),NOT(ISNUMBER('⚽ Jogos'!H9)),NOT(ISNUMBER('🎯 Palpites (11-20)'!R10)),NOT(ISNUMBER('🎯 Palpites (11-20)'!S10))),"", IF(AND('🎯 Palpites (11-20)'!R10='⚽ Jogos'!F9,'🎯 Palpites (11-20)'!S10='⚽ Jogos'!H9),3, IF(AND(SIGN('🎯 Palpites (11-20)'!R10-'🎯 Palpites (11-20)'!S10)=SIGN('⚽ Jogos'!F9-'⚽ Jogos'!H9),('🎯 Palpites (11-20)'!R10-'🎯 Palpites (11-20)'!S10)=('⚽ Jogos'!F9-'⚽ Jogos'!H9)),2, IF(SIGN('🎯 Palpites (11-20)'!R10-'🎯 Palpites (11-20)'!S10)=SIGN('⚽ Jogos'!F9-'⚽ Jogos'!H9),1, 0)))) | V10: =IF(OR(NOT(ISNUMBER('⚽ Jogos'!F9)),NOT(ISNUMBER('⚽ Jogos'!H9)),NOT(ISNUMBER('🎯 Palpites (11-20)'!T10)),NOT(ISNUMBER('🎯 Palpites (11-20)'!U10))),"", IF(AND('🎯 Palpites (11-20)'!T10='⚽ Jogos'!F9,'🎯 Palpites (11-20)'!U10='⚽ Jogos'!H9),3, IF(AND(SIGN('🎯 Palpites (11-20)'!T10-'🎯 Palpites (11-20)'!U10)=SIGN('⚽ Jogos'!F9-'⚽ Jogos'!H9),('🎯 Palpites (11-20)'!T10-'🎯 Palpites (11-20)'!U10)=('⚽ Jogos'!F9-'⚽ Jogos'!H9)),2, IF(SIGN('🎯 Palpites (11-20)'!T10-'🎯 Palpites (11-20)'!U10)=SIGN('⚽ Jogos'!F9-'⚽ Jogos'!H9),1, 0)))) | W10: =IF(OR(NOT(ISNUMBER('⚽ Jogos'!F9)),NOT(ISNUMBER('⚽ Jogos'!H9)),NOT(ISNUMBER('🎯 Palpites (11-20)'!V10)),NOT(ISNUMBER('🎯 Palpites (11-20)'!W10))),"", IF(AND('🎯 Palpites (11-20)'!V10='⚽ Jogos'!F9,'🎯 Palpites (11-20)'!W10='⚽ Jogos'!H9),3, IF(AND(SIGN('🎯 Palpites (11-20)'!V10-'🎯 Palpites (11-20)'!W10)=SIGN('⚽ Jogos'!F9-'⚽ Jogos'!H9),('🎯 Palpites (11-20)'!V10-'🎯 Palpites (11-20)'!W10)=('⚽ Jogos'!F9-'⚽ Jogos'!H9)),2, IF(SIGN('🎯 Palpites (11-20)'!V10-'🎯 Palpites (11-20)'!W10)=SIGN('⚽ Jogos'!F9-'⚽ Jogos'!H9),1, 0)))) | X10: =IF(OR(NOT(ISNUMBER('⚽ Jogos'!F9)),NOT(ISNUMBER('⚽ Jogos'!H9)),NOT(ISNUMBER('🎯 Palpites (11-20)'!X10)),NOT(ISNUMBER('🎯 Palpites (11-20)'!Y10))),"", IF(AND('🎯 Palpites (11-20)'!X10='⚽ Jogos'!F9,'🎯 Palpites (11-20)'!Y10='⚽ Jogos'!H9),3, IF(AND(SIGN('🎯 Palpites (11-20)'!X10-'🎯 Palpites (11-20)'!Y10)=SIGN('⚽ Jogos'!F9-'⚽ Jogos'!H9),('🎯 Palpites (11-20)'!X10-'🎯 Palpites (11-20)'!Y10)=('⚽ Jogos'!F9-'⚽ Jogos'!H9)),2, IF(SIGN('🎯 Palpites (11-20)'!X10-'🎯 Palpites (11-20)'!Y10)=SIGN('⚽ Jogos'!F9-'⚽ Jogos'!H9),1, 0))))
B11: 4 | C11: Estados Unidos | D11: Paraguai | E11: =IF(OR(NOT(ISNUMBER('⚽ Jogos'!F10)),NOT(ISNUMBER('⚽ Jogos'!H10)),NOT(ISNUMBER('🎯 Palpites'!F11)),NOT(ISNUMBER('🎯 Palpites'!G11))),"", IF(AND('🎯 Palpites'!F11='⚽ Jogos'!F10,'🎯 Palpites'!G11='⚽ Jogos'!H10),3, IF(AND(SIGN('🎯 Palpites'!F11-'🎯 Palpites'!G11)=SIGN('⚽ Jogos'!F10-'⚽ Jogos'!H10),('🎯 Palpites'!F11-'🎯 Palpites'!G11)=('⚽ Jogos'!F10-'⚽ Jogos'!H10)),2, IF(SIGN('🎯 Palpites'!F11-'🎯 Palpites'!G11)=SIGN('⚽ Jogos'!F10-'⚽ Jogos'!H10),1, 0)))) | F11: =IF(OR(NOT(ISNUMBER('⚽ Jogos'!F10)),NOT(ISNUMBER('⚽ Jogos'!H10)),NOT(ISNUMBER('🎯 Palpites'!H11)),NOT(ISNUMBER('🎯 Palpites'!I11))),"", IF(AND('🎯 Palpites'!H11='⚽ Jogos'!F10,'🎯 Palpites'!I11='⚽ Jogos'!H10),3, IF(AND(SIGN('🎯 Palpites'!H11-'🎯 Palpites'!I11)=SIGN('⚽ Jogos'!F10-'⚽ Jogos'!H10),('🎯 Palpites'!H11-'🎯 Palpites'!I11)=('⚽ Jogos'!F10-'⚽ Jogos'!H10)),2, IF(SIGN('🎯 Palpites'!H11-'🎯 Palpites'!I11)=SIGN('⚽ Jogos'!F10-'⚽ Jogos'!H10),1, 0)))) | G11: =IF(OR(NOT(ISNUMBER('⚽ Jogos'!F10)),NOT(ISNUMBER('⚽ Jogos'!H10)),NOT(ISNUMBER('🎯 Palpites'!J11)),NOT(ISNUMBER('🎯 Palpites'!K11))),"", IF(AND('🎯 Palpites'!J11='⚽ Jogos'!F10,'🎯 Palpites'!K11='⚽ Jogos'!H10),3, IF(AND(SIGN('🎯 Palpites'!J11-'🎯 Palpites'!K11)=SIGN('⚽ Jogos'!F10-'⚽ Jogos'!H10),('🎯 Palpites'!J11-'🎯 Palpites'!K11)=('⚽ Jogos'!F10-'⚽ Jogos'!H10)),2, IF(SIGN('🎯 Palpites'!J11-'🎯 Palpites'!K11)=SIGN('⚽ Jogos'!F10-'⚽ Jogos'!H10),1, 0)))) | H11: =IF(OR(NOT(ISNUMBER('⚽ Jogos'!F10)),NOT(ISNUMBER('⚽ Jogos'!H10)),NOT(ISNUMBER('🎯 Palpites'!L11)),NOT(ISNUMBER('🎯 Palpites'!M11))),"", IF(AND('🎯 Palpites'!L11='⚽ Jogos'!F10,'🎯 Palpites'!M11='⚽ Jogos'!H10),3, IF(AND(SIGN('🎯 Palpites'!L11-'🎯 Palpites'!M11)=SIGN('⚽ Jogos'!F10-'⚽ Jogos'!H10),('🎯 Palpites'!L11-'🎯 Palpites'!M11)=('⚽ Jogos'!F10-'⚽ Jogos'!H10)),2, IF(SIGN('🎯 Palpites'!L11-'🎯 Palpites'!M11)=SIGN('⚽ Jogos'!F10-'⚽ Jogos'!H10),1, 0)))) | I11: =IF(OR(NOT(ISNUMBER('⚽ Jogos'!F10)),NOT(ISNUMBER('⚽ Jogos'!H10)),NOT(ISNUMBER('🎯 Palpites'!N11)),NOT(ISNUMBER('🎯 Palpites'!O11))),"", IF(AND('🎯 Palpites'!N11='⚽ Jogos'!F10,'🎯 Palpites'!O11='⚽ Jogos'!H10),3, IF(AND(SIGN('🎯 Palpites'!N11-'🎯 Palpites'!O11)=SIGN('⚽ Jogos'!F10-'⚽ Jogos'!H10),('🎯 Palpites'!N11-'🎯 Palpites'!O11)=('⚽ Jogos'!F10-'⚽ Jogos'!H10)),2, IF(SIGN('🎯 Palpites'!N11-'🎯 Palpites'!O11)=SIGN('⚽ Jogos'!F10-'⚽ Jogos'!H10),1, 0)))) | J11: =IF(OR(NOT(ISNUMBER('⚽ Jogos'!F10)),NOT(ISNUMBER('⚽ Jogos'!H10)),NOT(ISNUMBER('🎯 Palpites'!P11)),NOT(ISNUMBER('🎯 Palpites'!Q11))),"", IF(AND('🎯 Palpites'!P11='⚽ Jogos'!F10,'🎯 Palpites'!Q11='⚽ Jogos'!H10),3, IF(AND(SIGN('🎯 Palpites'!P11-'🎯 Palpites'!Q11)=SIGN('⚽ Jogos'!F10-'⚽ Jogos'!H10),('🎯 Palpites'!P11-'🎯 Palpites'!Q11)=('⚽ Jogos'!F10-'⚽ Jogos'!H10)),2, IF(SIGN('🎯 Palpites'!P11-'🎯 Palpites'!Q11)=SIGN('⚽ Jogos'!F10-'⚽ Jogos'!H10),1, 0)))) | K11: =IF(OR(NOT(ISNUMBER('⚽ Jogos'!F10)),NOT(ISNUMBER('⚽ Jogos'!H10)),NOT(ISNUMBER('🎯 Palpites'!R11)),NOT(ISNUMBER('🎯 Palpites'!S11))),"", IF(AND('🎯 Palpites'!R11='⚽ Jogos'!F10,'🎯 Palpites'!S11='⚽ Jogos'!H10),3, IF(AND(SIGN('🎯 Palpites'!R11-'🎯 Palpites'!S11)=SIGN('⚽ Jogos'!F10-'⚽ Jogos'!H10),('🎯 Palpites'!R11-'🎯 Palpites'!S11)=('⚽ Jogos'!F10-'⚽ Jogos'!H10)),2, IF(SIGN('🎯 Palpites'!R11-'🎯 Palpites'!S11)=SIGN('⚽ Jogos'!F10-'⚽ Jogos'!H10),1, 0)))) | L11: =IF(OR(NOT(ISNUMBER('⚽ Jogos'!F10)),NOT(ISNUMBER('⚽ Jogos'!H10)),NOT(ISNUMBER('🎯 Palpites'!T11)),NOT(ISNUMBER('🎯 Palpites'!U11))),"", IF(AND('🎯 Palpites'!T11='⚽ Jogos'!F10,'🎯 Palpites'!U11='⚽ Jogos'!H10),3, IF(AND(SIGN('🎯 Palpites'!T11-'🎯 Palpites'!U11)=SIGN('⚽ Jogos'!F10-'⚽ Jogos'!H10),('🎯 Palpites'!T11-'🎯 Palpites'!U11)=('⚽ Jogos'!F10-'⚽ Jogos'!H10)),2, IF(SIGN('🎯 Palpites'!T11-'🎯 Palpites'!U11)=SIGN('⚽ Jogos'!F10-'⚽ Jogos'!H10),1, 0)))) | M11: =IF(OR(NOT(ISNUMBER('⚽ Jogos'!F10)),NOT(ISNUMBER('⚽ Jogos'!H10)),NOT(ISNUMBER('🎯 Palpites'!V11)),NOT(ISNUMBER('🎯 Palpites'!W11))),"", IF(AND('🎯 Palpites'!V11='⚽ Jogos'!F10,'🎯 Palpites'!W11='⚽ Jogos'!H10),3, IF(AND(SIGN('🎯 Palpites'!V11-'🎯 Palpites'!W11)=SIGN('⚽ Jogos'!F10-'⚽ Jogos'!H10),('🎯 Palpites'!V11-'🎯 Palpites'!W11)=('⚽ Jogos'!F10-'⚽ Jogos'!H10)),2, IF(SIGN('🎯 Palpites'!V11-'🎯 Palpites'!W11)=SIGN('⚽ Jogos'!F10-'⚽ Jogos'!H10),1, 0)))) | N11: =IF(OR(NOT(ISNUMBER('⚽ Jogos'!F10)),NOT(ISNUMBER('⚽ Jogos'!H10)),NOT(ISNUMBER('🎯 Palpites'!X11)),NOT(ISNUMBER('🎯 Palpites'!Y11))),"", IF(AND('🎯 Palpites'!X11='⚽ Jogos'!F10,'🎯 Palpites'!Y11='⚽ Jogos'!H10),3, IF(AND(SIGN('🎯 Palpites'!X11-'🎯 Palpites'!Y11)=SIGN('⚽ Jogos'!F10-'⚽ Jogos'!H10),('🎯 Palpites'!X11-'🎯 Palpites'!Y11)=('⚽ Jogos'!F10-'⚽ Jogos'!H10)),2, IF(SIGN('🎯 Palpites'!X11-'🎯 Palpites'!Y11)=SIGN('⚽ Jogos'!F10-'⚽ Jogos'!H10),1, 0)))) | O11: =IF(OR(NOT(ISNUMBER('⚽ Jogos'!F10)),NOT(ISNUMBER('⚽ Jogos'!H10)),NOT(ISNUMBER('🎯 Palpites (11-20)'!F11)),NOT(ISNUMBER('🎯 Palpites (11-20)'!G11))),"", IF(AND('🎯 Palpites (11-20)'!F11='⚽ Jogos'!F10,'🎯 Palpites (11-20)'!G11='⚽ Jogos'!H10),3, IF(AND(SIGN('🎯 Palpites (11-20)'!F11-'🎯 Palpites (11-20)'!G11)=SIGN('⚽ Jogos'!F10-'⚽ Jogos'!H10),('🎯 Palpites (11-20)'!F11-'🎯 Palpites (11-20)'!G11)=('⚽ Jogos'!F10-'⚽ Jogos'!H10)),2, IF(SIGN('🎯 Palpites (11-20)'!F11-'🎯 Palpites (11-20)'!G11)=SIGN('⚽ Jogos'!F10-'⚽ Jogos'!H10),1, 0)))) | P11: =IF(OR(NOT(ISNUMBER('⚽ Jogos'!F10)),NOT(ISNUMBER('⚽ Jogos'!H10)),NOT(ISNUMBER('🎯 Palpites (11-20)'!H11)),NOT(ISNUMBER('🎯 Palpites (11-20)'!I11))),"", IF(AND('🎯 Palpites (11-20)'!H11='⚽ Jogos'!F10,'🎯 Palpites (11-20)'!I11='⚽ Jogos'!H10),3, IF(AND(SIGN('🎯 Palpites (11-20)'!H11-'🎯 Palpites (11-20)'!I11)=SIGN('⚽ Jogos'!F10-'⚽ Jogos'!H10),('🎯 Palpites (11-20)'!H11-'🎯 Palpites (11-20)'!I11)=('⚽ Jogos'!F10-'⚽ Jogos'!H10)),2, IF(SIGN('🎯 Palpites (11-20)'!H11-'🎯 Palpites (11-20)'!I11)=SIGN('⚽ Jogos'!F10-'⚽ Jogos'!H10),1, 0)))) | Q11: =IF(OR(NOT(ISNUMBER('⚽ Jogos'!F10)),NOT(ISNUMBER('⚽ Jogos'!H10)),NOT(ISNUMBER('🎯 Palpites (11-20)'!J11)),NOT(ISNUMBER('🎯 Palpites (11-20)'!K11))),"", IF(AND('🎯 Palpites (11-20)'!J11='⚽ Jogos'!F10,'🎯 Palpites (11-20)'!K11='⚽ Jogos'!H10),3, IF(AND(SIGN('🎯 Palpites (11-20)'!J11-'🎯 Palpites (11-20)'!K11)=SIGN('⚽ Jogos'!F10-'⚽ Jogos'!H10),('🎯 Palpites (11-20)'!J11-'🎯 Palpites (11-20)'!K11)=('⚽ Jogos'!F10-'⚽ Jogos'!H10)),2, IF(SIGN('🎯 Palpites (11-20)'!J11-'🎯 Palpites (11-20)'!K11)=SIGN('⚽ Jogos'!F10-'⚽ Jogos'!H10),1, 0)))) | R11: =IF(OR(NOT(ISNUMBER('⚽ Jogos'!F10)),NOT(ISNUMBER('⚽ Jogos'!H10)),NOT(ISNUMBER('🎯 Palpites (11-20)'!L11)),NOT(ISNUMBER('🎯 Palpites (11-20)'!M11))),"", IF(AND('🎯 Palpites (11-20)'!L11='⚽ Jogos'!F10,'🎯 Palpites (11-20)'!M11='⚽ Jogos'!H10),3, IF(AND(SIGN('🎯 Palpites (11-20)'!L11-'🎯 Palpites (11-20)'!M11)=SIGN('⚽ Jogos'!F10-'⚽ Jogos'!H10),('🎯 Palpites (11-20)'!L11-'🎯 Palpites (11-20)'!M11)=('⚽ Jogos'!F10-'⚽ Jogos'!H10)),2, IF(SIGN('🎯 Palpites (11-20)'!L11-'🎯 Palpites (11-20)'!M11)=SIGN('⚽ Jogos'!F10-'⚽ Jogos'!H10),1, 0)))) | S11: =IF(OR(NOT(ISNUMBER('⚽ Jogos'!F10)),NOT(ISNUMBER('⚽ Jogos'!H10)),NOT(ISNUMBER('🎯 Palpites (11-20)'!N11)),NOT(ISNUMBER('🎯 Palpites (11-20)'!O11))),"", IF(AND('🎯 Palpites (11-20)'!N11='⚽ Jogos'!F10,'🎯 Palpites (11-20)'!O11='⚽ Jogos'!H10),3, IF(AND(SIGN('🎯 Palpites (11-20)'!N11-'🎯 Palpites (11-20)'!O11)=SIGN('⚽ Jogos'!F10-'⚽ Jogos'!H10),('🎯 Palpites (11-20)'!N11-'🎯 Palpites (11-20)'!O11)=('⚽ Jogos'!F10-'⚽ Jogos'!H10)),2, IF(SIGN('🎯 Palpites (11-20)'!N11-'🎯 Palpites (11-20)'!O11)=SIGN('⚽ Jogos'!F10-'⚽ Jogos'!H10),1, 0)))) | T11: =IF(OR(NOT(ISNUMBER('⚽ Jogos'!F10)),NOT(ISNUMBER('⚽ Jogos'!H10)),NOT(ISNUMBER('🎯 Palpites (11-20)'!P11)),NOT(ISNUMBER('🎯 Palpites (11-20)'!Q11))),"", IF(AND('🎯 Palpites (11-20)'!P11='⚽ Jogos'!F10,'🎯 Palpites (11-20)'!Q11='⚽ Jogos'!H10),3, IF(AND(SIGN('🎯 Palpites (11-20)'!P11-'🎯 Palpites (11-20)'!Q11)=SIGN('⚽ Jogos'!F10-'⚽ Jogos'!H10),('🎯 Palpites (11-20)'!P11-'🎯 Palpites (11-20)'!Q11)=('⚽ Jogos'!F10-'⚽ Jogos'!H10)),2, IF(SIGN('🎯 Palpites (11-20)'!P11-'🎯 Palpites (11-20)'!Q11)=SIGN('⚽ Jogos'!F10-'⚽ Jogos'!H10),1, 0)))) | U11: =IF(OR(NOT(ISNUMBER('⚽ Jogos'!F10)),NOT(ISNUMBER('⚽ Jogos'!H10)),NOT(ISNUMBER('🎯 Palpites (11-20)'!R11)),NOT(ISNUMBER('🎯 Palpites (11-20)'!S11))),"", IF(AND('🎯 Palpites (11-20)'!R11='⚽ Jogos'!F10,'🎯 Palpites (11-20)'!S11='⚽ Jogos'!H10),3, IF(AND(SIGN('🎯 Palpites (11-20)'!R11-'🎯 Palpites (11-20)'!S11)=SIGN('⚽ Jogos'!F10-'⚽ Jogos'!H10),('🎯 Palpites (11-20)'!R11-'🎯 Palpites (11-20)'!S11)=('⚽ Jogos'!F10-'⚽ Jogos'!H10)),2, IF(SIGN('🎯 Palpites (11-20)'!R11-'🎯 Palpites (11-20)'!S11)=SIGN('⚽ Jogos'!F10-'⚽ Jogos'!H10),1, 0)))) | V11: =IF(OR(NOT(ISNUMBER('⚽ Jogos'!F10)),NOT(ISNUMBER('⚽ Jogos'!H10)),NOT(ISNUMBER('🎯 Palpites (11-20)'!T11)),NOT(ISNUMBER('🎯 Palpites (11-20)'!U11))),"", IF(AND('🎯 Palpites (11-20)'!T11='⚽ Jogos'!F10,'🎯 Palpites (11-20)'!U11='⚽ Jogos'!H10),3, IF(AND(SIGN('🎯 Palpites (11-20)'!T11-'🎯 Palpites (11-20)'!U11)=SIGN('⚽ Jogos'!F10-'⚽ Jogos'!H10),('🎯 Palpites (11-20)'!T11-'🎯 Palpites (11-20)'!U11)=('⚽ Jogos'!F10-'⚽ Jogos'!H10)),2, IF(SIGN('🎯 Palpites (11-20)'!T11-'🎯 Palpites (11-20)'!U11)=SIGN('⚽ Jogos'!F10-'⚽ Jogos'!H10),1, 0)))) | W11: =IF(OR(NOT(ISNUMBER('⚽ Jogos'!F10)),NOT(ISNUMBER('⚽ Jogos'!H10)),NOT(ISNUMBER('🎯 Palpites (11-20)'!V11)),NOT(ISNUMBER('🎯 Palpites (11-20)'!W11))),"", IF(AND('🎯 Palpites (11-20)'!V11='⚽ Jogos'!F10,'🎯 Palpites (11-20)'!W11='⚽ Jogos'!H10),3, IF(AND(SIGN('🎯 Palpites (11-20)'!V11-'🎯 Palpites (11-20)'!W11)=SIGN('⚽ Jogos'!F10-'⚽ Jogos'!H10),('🎯 Palpites (11-20)'!V11-'🎯 Palpites (11-20)'!W11)=('⚽ Jogos'!F10-'⚽ Jogos'!H10)),2, IF(SIGN('🎯 Palpites (11-20)'!V11-'🎯 Palpites (11-20)'!W11)=SIGN('⚽ Jogos'!F10-'⚽ Jogos'!H10),1, 0)))) | X11: =IF(OR(NOT(ISNUMBER('⚽ Jogos'!F10)),NOT(ISNUMBER('⚽ Jogos'!H10)),NOT(ISNUMBER('🎯 Palpites (11-20)'!X11)),NOT(ISNUMBER('🎯 Palpites (11-20)'!Y11))),"", IF(AND('🎯 Palpites (11-20)'!X11='⚽ Jogos'!F10,'🎯 Palpites (11-20)'!Y11='⚽ Jogos'!H10),3, IF(AND(SIGN('🎯 Palpites (11-20)'!X11-'🎯 Palpites (11-20)'!Y11)=SIGN('⚽ Jogos'!F10-'⚽ Jogos'!H10),('🎯 Palpites (11-20)'!X11-'🎯 Palpites (11-20)'!Y11)=('⚽ Jogos'!F10-'⚽ Jogos'!H10)),2, IF(SIGN('🎯 Palpites (11-20)'!X11-'🎯 Palpites (11-20)'!Y11)=SIGN('⚽ Jogos'!F10-'⚽ Jogos'!H10),1, 0))))
B12: 5 | C12: Catar | D12: Suíça | E12: =IF(OR(NOT(ISNUMBER('⚽ Jogos'!F11)),NOT(ISNUMBER('⚽ Jogos'!H11)),NOT(ISNUMBER('🎯 Palpites'!F12)),NOT(ISNUMBER('🎯 Palpites'!G12))),"", IF(AND('🎯 Palpites'!F12='⚽ Jogos'!F11,'🎯 Palpites'!G12='⚽ Jogos'!H11),3, IF(AND(SIGN('🎯 Palpites'!F12-'🎯 Palpites'!G12)=SIGN('⚽ Jogos'!F11-'⚽ Jogos'!H11),('🎯 Palpites'!F12-'🎯 Palpites'!G12)=('⚽ Jogos'!F11-'⚽ Jogos'!H11)),2, IF(SIGN('🎯 Palpites'!F12-'🎯 Palpites'!G12)=SIGN('⚽ Jogos'!F11-'⚽ Jogos'!H11),1, 0)))) | F12: =IF(OR(NOT(ISNUMBER('⚽ Jogos'!F11)),NOT(ISNUMBER('⚽ Jogos'!H11)),NOT(ISNUMBER('🎯 Palpites'!H12)),NOT(ISNUMBER('🎯 Palpites'!I12))),"", IF(AND('🎯 Palpites'!H12='⚽ Jogos'!F11,'🎯 Palpites'!I12='⚽ Jogos'!H11),3, IF(AND(SIGN('🎯 Palpites'!H12-'🎯 Palpites'!I12)=SIGN('⚽ Jogos'!F11-'⚽ Jogos'!H11),('🎯 Palpites'!H12-'🎯 Palpites'!I12)=('⚽ Jogos'!F11-'⚽ Jogos'!H11)),2, IF(SIGN('🎯 Palpites'!H12-'🎯 Palpites'!I12)=SIGN('⚽ Jogos'!F11-'⚽ Jogos'!H11),1, 0)))) | G12: =IF(OR(NOT(ISNUMBER('⚽ Jogos'!F11)),NOT(ISNUMBER('⚽ Jogos'!H11)),NOT(ISNUMBER('🎯 Palpites'!J12)),NOT(ISNUMBER('🎯 Palpites'!K12))),"", IF(AND('🎯 Palpites'!J12='⚽ Jogos'!F11,'🎯 Palpites'!K12='⚽ Jogos'!H11),3, IF(AND(SIGN('🎯 Palpites'!J12-'🎯 Palpites'!K12)=SIGN('⚽ Jogos'!F11-'⚽ Jogos'!H11),('🎯 Palpites'!J12-'🎯 Palpites'!K12)=('⚽ Jogos'!F11-'⚽ Jogos'!H11)),2, IF(SIGN('🎯 Palpites'!J12-'🎯 Palpites'!K12)=SIGN('⚽ Jogos'!F11-'⚽ Jogos'!H11),1, 0)))) | H12: =IF(OR(NOT(ISNUMBER('⚽ Jogos'!F11)),NOT(ISNUMBER('⚽ Jogos'!H11)),NOT(ISNUMBER('🎯 Palpites'!L12)),NOT(ISNUMBER('🎯 Palpites'!M12))),"", IF(AND('🎯 Palpites'!L12='⚽ Jogos'!F11,'🎯 Palpites'!M12='⚽ Jogos'!H11),3, IF(AND(SIGN('🎯 Palpites'!L12-'🎯 Palpites'!M12)=SIGN('⚽ Jogos'!F11-'⚽ Jogos'!H11),('🎯 Palpites'!L12-'🎯 Palpites'!M12)=('⚽ Jogos'!F11-'⚽ Jogos'!H11)),2, IF(SIGN('🎯 Palpites'!L12-'🎯 Palpites'!M12)=SIGN('⚽ Jogos'!F11-'⚽ Jogos'!H11),1, 0)))) | I12: =IF(OR(NOT(ISNUMBER('⚽ Jogos'!F11)),NOT(ISNUMBER('⚽ Jogos'!H11)),NOT(ISNUMBER('🎯 Palpites'!N12)),NOT(ISNUMBER('🎯 Palpites'!O12))),"", IF(AND('🎯 Palpites'!N12='⚽ Jogos'!F11,'🎯 Palpites'!O12='⚽ Jogos'!H11),3, IF(AND(SIGN('🎯 Palpites'!N12-'🎯 Palpites'!O12)=SIGN('⚽ Jogos'!F11-'⚽ Jogos'!H11),('🎯 Palpites'!N12-'🎯 Palpites'!O12)=('⚽ Jogos'!F11-'⚽ Jogos'!H11)),2, IF(SIGN('🎯 Palpites'!N12-'🎯 Palpites'!O12)=SIGN('⚽ Jogos'!F11-'⚽ Jogos'!H11),1, 0)))) | J12: =IF(OR(NOT(ISNUMBER('⚽ Jogos'!F11)),NOT(ISNUMBER('⚽ Jogos'!H11)),NOT(ISNUMBER('🎯 Palpites'!P12)),NOT(ISNUMBER('🎯 Palpites'!Q12))),"", IF(AND('🎯 Palpites'!P12='⚽ Jogos'!F11,'🎯 Palpites'!Q12='⚽ Jogos'!H11),3, IF(AND(SIGN('🎯 Palpites'!P12-'🎯 Palpites'!Q12)=SIGN('⚽ Jogos'!F11-'⚽ Jogos'!H11),('🎯 Palpites'!P12-'🎯 Palpites'!Q12)=('⚽ Jogos'!F11-'⚽ Jogos'!H11)),2, IF(SIGN('🎯 Palpites'!P12-'🎯 Palpites'!Q12)=SIGN('⚽ Jogos'!F11-'⚽ Jogos'!H11),1, 0)))) | K12: =IF(OR(NOT(ISNUMBER('⚽ Jogos'!F11)),NOT(ISNUMBER('⚽ Jogos'!H11)),NOT(ISNUMBER('🎯 Palpites'!R12)),NOT(ISNUMBER('🎯 Palpites'!S12))),"", IF(AND('🎯 Palpites'!R12='⚽ Jogos'!F11,'🎯 Palpites'!S12='⚽ Jogos'!H11),3, IF(AND(SIGN('🎯 Palpites'!R12-'🎯 Palpites'!S12)=SIGN('⚽ Jogos'!F11-'⚽ Jogos'!H11),('🎯 Palpites'!R12-'🎯 Palpites'!S12)=('⚽ Jogos'!F11-'⚽ Jogos'!H11)),2, IF(SIGN('🎯 Palpites'!R12-'🎯 Palpites'!S12)=SIGN('⚽ Jogos'!F11-'⚽ Jogos'!H11),1, 0)))) | L12: =IF(OR(NOT(ISNUMBER('⚽ Jogos'!F11)),NOT(ISNUMBER('⚽ Jogos'!H11)),NOT(ISNUMBER('🎯 Palpites'!T12)),NOT(ISNUMBER('🎯 Palpites'!U12))),"", IF(AND('🎯 Palpites'!T12='⚽ Jogos'!F11,'🎯 Palpites'!U12='⚽ Jogos'!H11),3, IF(AND(SIGN('🎯 Palpites'!T12-'🎯 Palpites'!U12)=SIGN('⚽ Jogos'!F11-'⚽ Jogos'!H11),('🎯 Palpites'!T12-'🎯 Palpites'!U12)=('⚽ Jogos'!F11-'⚽ Jogos'!H11)),2, IF(SIGN('🎯 Palpites'!T12-'🎯 Palpites'!U12)=SIGN('⚽ Jogos'!F11-'⚽ Jogos'!H11),1, 0)))) | M12: =IF(OR(NOT(ISNUMBER('⚽ Jogos'!F11)),NOT(ISNUMBER('⚽ Jogos'!H11)),NOT(ISNUMBER('🎯 Palpites'!V12)),NOT(ISNUMBER('🎯 Palpites'!W12))),"", IF(AND('🎯 Palpites'!V12='⚽ Jogos'!F11,'🎯 Palpites'!W12='⚽ Jogos'!H11),3, IF(AND(SIGN('🎯 Palpites'!V12-'🎯 Palpites'!W12)=SIGN('⚽ Jogos'!F11-'⚽ Jogos'!H11),('🎯 Palpites'!V12-'🎯 Palpites'!W12)=('⚽ Jogos'!F11-'⚽ Jogos'!H11)),2, IF(SIGN('🎯 Palpites'!V12-'🎯 Palpites'!W12)=SIGN('⚽ Jogos'!F11-'⚽ Jogos'!H11),1, 0)))) | N12: =IF(OR(NOT(ISNUMBER('⚽ Jogos'!F11)),NOT(ISNUMBER('⚽ Jogos'!H11)),NOT(ISNUMBER('🎯 Palpites'!X12)),NOT(ISNUMBER('🎯 Palpites'!Y12))),"", IF(AND('🎯 Palpites'!X12='⚽ Jogos'!F11,'🎯 Palpites'!Y12='⚽ Jogos'!H11),3, IF(AND(SIGN('🎯 Palpites'!X12-'🎯 Palpites'!Y12)=SIGN('⚽ Jogos'!F11-'⚽ Jogos'!H11),('🎯 Palpites'!X12-'🎯 Palpites'!Y12)=('⚽ Jogos'!F11-'⚽ Jogos'!H11)),2, IF(SIGN('🎯 Palpites'!X12-'🎯 Palpites'!Y12)=SIGN('⚽ Jogos'!F11-'⚽ Jogos'!H11),1, 0)))) | O12: =IF(OR(NOT(ISNUMBER('⚽ Jogos'!F11)),NOT(ISNUMBER('⚽ Jogos'!H11)),NOT(ISNUMBER('🎯 Palpites (11-20)'!F12)),NOT(ISNUMBER('🎯 Palpites (11-20)'!G12))),"", IF(AND('🎯 Palpites (11-20)'!F12='⚽ Jogos'!F11,'🎯 Palpites (11-20)'!G12='⚽ Jogos'!H11),3, IF(AND(SIGN('🎯 Palpites (11-20)'!F12-'🎯 Palpites (11-20)'!G12)=SIGN('⚽ Jogos'!F11-'⚽ Jogos'!H11),('🎯 Palpites (11-20)'!F12-'🎯 Palpites (11-20)'!G12)=('⚽ Jogos'!F11-'⚽ Jogos'!H11)),2, IF(SIGN('🎯 Palpites (11-20)'!F12-'🎯 Palpites (11-20)'!G12)=SIGN('⚽ Jogos'!F11-'⚽ Jogos'!H11),1, 0)))) | P12: =IF(OR(NOT(ISNUMBER('⚽ Jogos'!F11)),NOT(ISNUMBER('⚽ Jogos'!H11)),NOT(ISNUMBER('🎯 Palpites (11-20)'!H12)),NOT(ISNUMBER('🎯 Palpites (11-20)'!I12))),"", IF(AND('🎯 Palpites (11-20)'!H12='⚽ Jogos'!F11,'🎯 Palpites (11-20)'!I12='⚽ Jogos'!H11),3, IF(AND(SIGN('🎯 Palpites (11-20)'!H12-'🎯 Palpites (11-20)'!I12)=SIGN('⚽ Jogos'!F11-'⚽ Jogos'!H11),('🎯 Palpites (11-20)'!H12-'🎯 Palpites (11-20)'!I12)=('⚽ Jogos'!F11-'⚽ Jogos'!H11)),2, IF(SIGN('🎯 Palpites (11-20)'!H12-'🎯 Palpites (11-20)'!I12)=SIGN('⚽ Jogos'!F11-'⚽ Jogos'!H11),1, 0)))) | Q12: =IF(OR(NOT(ISNUMBER('⚽ Jogos'!F11)),NOT(ISNUMBER('⚽ Jogos'!H11)),NOT(ISNUMBER('🎯 Palpites (11-20)'!J12)),NOT(ISNUMBER('🎯 Palpites (11-20)'!K12))),"", IF(AND('🎯 Palpites (11-20)'!J12='⚽ Jogos'!F11,'🎯 Palpites (11-20)'!K12='⚽ Jogos'!H11),3, IF(AND(SIGN('🎯 Palpites (11-20)'!J12-'🎯 Palpites (11-20)'!K12)=SIGN('⚽ Jogos'!F11-'⚽ Jogos'!H11),('🎯 Palpites (11-20)'!J12-'🎯 Palpites (11-20)'!K12)=('⚽ Jogos'!F11-'⚽ Jogos'!H11)),2, IF(SIGN('🎯 Palpites (11-20)'!J12-'🎯 Palpites (11-20)'!K12)=SIGN('⚽ Jogos'!F11-'⚽ Jogos'!H11),1, 0)))) | R12: =IF(OR(NOT(ISNUMBER('⚽ Jogos'!F11)),NOT(ISNUMBER('⚽ Jogos'!H11)),NOT(ISNUMBER('🎯 Palpites (11-20)'!L12)),NOT(ISNUMBER('🎯 Palpites (11-20)'!M12))),"", IF(AND('🎯 Palpites (11-20)'!L12='⚽ Jogos'!F11,'🎯 Palpites (11-20)'!M12='⚽ Jogos'!H11),3, IF(AND(SIGN('🎯 Palpites (11-20)'!L12-'🎯 Palpites (11-20)'!M12)=SIGN('⚽ Jogos'!F11-'⚽ Jogos'!H11),('🎯 Palpites (11-20)'!L12-'🎯 Palpites (11-20)'!M12)=('⚽ Jogos'!F11-'⚽ Jogos'!H11)),2, IF(SIGN('🎯 Palpites (11-20)'!L12-'🎯 Palpites (11-20)'!M12)=SIGN('⚽ Jogos'!F11-'⚽ Jogos'!H11),1, 0)))) | S12: =IF(OR(NOT(ISNUMBER('⚽ Jogos'!F11)),NOT(ISNUMBER('⚽ Jogos'!H11)),NOT(ISNUMBER('🎯 Palpites (11-20)'!N12)),NOT(ISNUMBER('🎯 Palpites (11-20)'!O12))),"", IF(AND('🎯 Palpites (11-20)'!N12='⚽ Jogos'!F11,'🎯 Palpites (11-20)'!O12='⚽ Jogos'!H11),3, IF(AND(SIGN('🎯 Palpites (11-20)'!N12-'🎯 Palpites (11-20)'!O12)=SIGN('⚽ Jogos'!F11-'⚽ Jogos'!H11),('🎯 Palpites (11-20)'!N12-'🎯 Palpites (11-20)'!O12)=('⚽ Jogos'!F11-'⚽ Jogos'!H11)),2, IF(SIGN('🎯 Palpites (11-20)'!N12-'🎯 Palpites (11-20)'!O12)=SIGN('⚽ Jogos'!F11-'⚽ Jogos'!H11),1, 0)))) | T12: =IF(OR(NOT(ISNUMBER('⚽ Jogos'!F11)),NOT(ISNUMBER('⚽ Jogos'!H11)),NOT(ISNUMBER('🎯 Palpites (11-20)'!P12)),NOT(ISNUMBER('🎯 Palpites (11-20)'!Q12))),"", IF(AND('🎯 Palpites (11-20)'!P12='⚽ Jogos'!F11,'🎯 Palpites (11-20)'!Q12='⚽ Jogos'!H11),3, IF(AND(SIGN('🎯 Palpites (11-20)'!P12-'🎯 Palpites (11-20)'!Q12)=SIGN('⚽ Jogos'!F11-'⚽ Jogos'!H11),('🎯 Palpites (11-20)'!P12-'🎯 Palpites (11-20)'!Q12)=('⚽ Jogos'!F11-'⚽ Jogos'!H11)),2, IF(SIGN('🎯 Palpites (11-20)'!P12-'🎯 Palpites (11-20)'!Q12)=SIGN('⚽ Jogos'!F11-'⚽ Jogos'!H11),1, 0)))) | U12: =IF(OR(NOT(ISNUMBER('⚽ Jogos'!F11)),NOT(ISNUMBER('⚽ Jogos'!H11)),NOT(ISNUMBER('🎯 Palpites (11-20)'!R12)),NOT(ISNUMBER('🎯 Palpites (11-20)'!S12))),"", IF(AND('🎯 Palpites (11-20)'!R12='⚽ Jogos'!F11,'🎯 Palpites (11-20)'!S12='⚽ Jogos'!H11),3, IF(AND(SIGN('🎯 Palpites (11-20)'!R12-'🎯 Palpites (11-20)'!S12)=SIGN('⚽ Jogos'!F11-'⚽ Jogos'!H11),('🎯 Palpites (11-20)'!R12-'🎯 Palpites (11-20)'!S12)=('⚽ Jogos'!F11-'⚽ Jogos'!H11)),2, IF(SIGN('🎯 Palpites (11-20)'!R12-'🎯 Palpites (11-20)'!S12)=SIGN('⚽ Jogos'!F11-'⚽ Jogos'!H11),1, 0)))) | V12: =IF(OR(NOT(ISNUMBER('⚽ Jogos'!F11)),NOT(ISNUMBER('⚽ Jogos'!H11)),NOT(ISNUMBER('🎯 Palpites (11-20)'!T12)),NOT(ISNUMBER('🎯 Palpites (11-20)'!U12))),"", IF(AND('🎯 Palpites (11-20)'!T12='⚽ Jogos'!F11,'🎯 Palpites (11-20)'!U12='⚽ Jogos'!H11),3, IF(AND(SIGN('🎯 Palpites (11-20)'!T12-'🎯 Palpites (11-20)'!U12)=SIGN('⚽ Jogos'!F11-'⚽ Jogos'!H11),('🎯 Palpites (11-20)'!T12-'🎯 Palpites (11-20)'!U12)=('⚽ Jogos'!F11-'⚽ Jogos'!H11)),2, IF(SIGN('🎯 Palpites (11-20)'!T12-'🎯 Palpites (11-20)'!U12)=SIGN('⚽ Jogos'!F11-'⚽ Jogos'!H11),1, 0)))) | W12: =IF(OR(NOT(ISNUMBER('⚽ Jogos'!F11)),NOT(ISNUMBER('⚽ Jogos'!H11)),NOT(ISNUMBER('🎯 Palpites (11-20)'!V12)),NOT(ISNUMBER('🎯 Palpites (11-20)'!W12))),"", IF(AND('🎯 Palpites (11-20)'!V12='⚽ Jogos'!F11,'🎯 Palpites (11-20)'!W12='⚽ Jogos'!H11),3, IF(AND(SIGN('🎯 Palpites (11-20)'!V12-'🎯 Palpites (11-20)'!W12)=SIGN('⚽ Jogos'!F11-'⚽ Jogos'!H11),('🎯 Palpites (11-20)'!V12-'🎯 Palpites (11-20)'!W12)=('⚽ Jogos'!F11-'⚽ Jogos'!H11)),2, IF(SIGN('🎯 Palpites (11-20)'!V12-'🎯 Palpites (11-20)'!W12)=SIGN('⚽ Jogos'!F11-'⚽ Jogos'!H11),1, 0)))) | X12: =IF(OR(NOT(ISNUMBER('⚽ Jogos'!F11)),NOT(ISNUMBER('⚽ Jogos'!H11)),NOT(ISNUMBER('🎯 Palpites (11-20)'!X12)),NOT(ISNUMBER('🎯 Palpites (11-20)'!Y12))),"", IF(AND('🎯 Palpites (11-20)'!X12='⚽ Jogos'!F11,'🎯 Palpites (11-20)'!Y12='⚽ Jogos'!H11),3, IF(AND(SIGN('🎯 Palpites (11-20)'!X12-'🎯 Palpites (11-20)'!Y12)=SIGN('⚽ Jogos'!F11-'⚽ Jogos'!H11),('🎯 Palpites (11-20)'!X12-'🎯 Palpites (11-20)'!Y12)=('⚽ Jogos'!F11-'⚽ Jogos'!H11)),2, IF(SIGN('🎯 Palpites (11-20)'!X12-'🎯 Palpites (11-20)'!Y12)=SIGN('⚽ Jogos'!F11-'⚽ Jogos'!H11),1, 0))))
B13: 6 | C13: Brasil | D13: Marrocos | E13: =IF(OR(NOT(ISNUMBER('⚽ Jogos'!F12)),NOT(ISNUMBER('⚽ Jogos'!H12)),NOT(ISNUMBER('🎯 Palpites'!F13)),NOT(ISNUMBER('🎯 Palpites'!G13))),"", IF(AND('🎯 Palpites'!F13='⚽ Jogos'!F12,'🎯 Palpites'!G13='⚽ Jogos'!H12),3, IF(AND(SIGN('🎯 Palpites'!F13-'🎯 Palpites'!G13)=SIGN('⚽ Jogos'!F12-'⚽ Jogos'!H12),('🎯 Palpites'!F13-'🎯 Palpites'!G13)=('⚽ Jogos'!F12-'⚽ Jogos'!H12)),2, IF(SIGN('🎯 Palpites'!F13-'🎯 Palpites'!G13)=SIGN('⚽ Jogos'!F12-'⚽ Jogos'!H12),1, 0)))) | F13: =IF(OR(NOT(ISNUMBER('⚽ Jogos'!F12)),NOT(ISNUMBER('⚽ Jogos'!H12)),NOT(ISNUMBER('🎯 Palpites'!H13)),NOT(ISNUMBER('🎯 Palpites'!I13))),"", IF(AND('🎯 Palpites'!H13='⚽ Jogos'!F12,'🎯 Palpites'!I13='⚽ Jogos'!H12),3, IF(AND(SIGN('🎯 Palpites'!H13-'🎯 Palpites'!I13)=SIGN('⚽ Jogos'!F12-'⚽ Jogos'!H12),('🎯 Palpites'!H13-'🎯 Palpites'!I13)=('⚽ Jogos'!F12-'⚽ Jogos'!H12)),2, IF(SIGN('🎯 Palpites'!H13-'🎯 Palpites'!I13)=SIGN('⚽ Jogos'!F12-'⚽ Jogos'!H12),1, 0)))) | G13: =IF(OR(NOT(ISNUMBER('⚽ Jogos'!F12)),NOT(ISNUMBER('⚽ Jogos'!H12)),NOT(ISNUMBER('🎯 Palpites'!J13)),NOT(ISNUMBER('🎯 Palpites'!K13))),"", IF(AND('🎯 Palpites'!J13='⚽ Jogos'!F12,'🎯 Palpites'!K13='⚽ Jogos'!H12),3, IF(AND(SIGN('🎯 Palpites'!J13-'🎯 Palpites'!K13)=SIGN('⚽ Jogos'!F12-'⚽ Jogos'!H12),('🎯 Palpites'!J13-'🎯 Palpites'!K13)=('⚽ Jogos'!F12-'⚽ Jogos'!H12)),2, IF(SIGN('🎯 Palpites'!J13-'🎯 Palpites'!K13)=SIGN('⚽ Jogos'!F12-'⚽ Jogos'!H12),1, 0)))) | H13: =IF(OR(NOT(ISNUMBER('⚽ Jogos'!F12)),NOT(ISNUMBER('⚽ Jogos'!H12)),NOT(ISNUMBER('🎯 Palpites'!L13)),NOT(ISNUMBER('🎯 Palpites'!M13))),"", IF(AND('🎯 Palpites'!L13='⚽ Jogos'!F12,'🎯 Palpites'!M13='⚽ Jogos'!H12),3, IF(AND(SIGN('🎯 Palpites'!L13-'🎯 Palpites'!M13)=SIGN('⚽ Jogos'!F12-'⚽ Jogos'!H12),('🎯 Palpites'!L13-'🎯 Palpites'!M13)=('⚽ Jogos'!F12-'⚽ Jogos'!H12)),2, IF(SIGN('🎯 Palpites'!L13-'🎯 Palpites'!M13)=SIGN('⚽ Jogos'!F12-'⚽ Jogos'!H12),1, 0)))) | I13: =IF(OR(NOT(ISNUMBER('⚽ Jogos'!F12)),NOT(ISNUMBER('⚽ Jogos'!H12)),NOT(ISNUMBER('🎯 Palpites'!N13)),NOT(ISNUMBER('🎯 Palpites'!O13))),"", IF(AND('🎯 Palpites'!N13='⚽ Jogos'!F12,'🎯 Palpites'!O13='⚽ Jogos'!H12),3, IF(AND(SIGN('🎯 Palpites'!N13-'🎯 Palpites'!O13)=SIGN('⚽ Jogos'!F12-'⚽ Jogos'!H12),('🎯 Palpites'!N13-'🎯 Palpites'!O13)=('⚽ Jogos'!F12-'⚽ Jogos'!H12)),2, IF(SIGN('🎯 Palpites'!N13-'🎯 Palpites'!O13)=SIGN('⚽ Jogos'!F12-'⚽ Jogos'!H12),1, 0)))) | J13: =IF(OR(NOT(ISNUMBER('⚽ Jogos'!F12)),NOT(ISNUMBER('⚽ Jogos'!H12)),NOT(ISNUMBER('🎯 Palpites'!P13)),NOT(ISNUMBER('🎯 Palpites'!Q13))),"", IF(AND('🎯 Palpites'!P13='⚽ Jogos'!F12,'🎯 Palpites'!Q13='⚽ Jogos'!H12),3, IF(AND(SIGN('🎯 Palpites'!P13-'🎯 Palpites'!Q13)=SIGN('⚽ Jogos'!F12-'⚽ Jogos'!H12),('🎯 Palpites'!P13-'🎯 Palpites'!Q13)=('⚽ Jogos'!F12-'⚽ Jogos'!H12)),2, IF(SIGN('🎯 Palpites'!P13-'🎯 Palpites'!Q13)=SIGN('⚽ Jogos'!F12-'⚽ Jogos'!H12),1, 0)))) | K13: =IF(OR(NOT(ISNUMBER('⚽ Jogos'!F12)),NOT(ISNUMBER('⚽ Jogos'!H12)),NOT(ISNUMBER('🎯 Palpites'!R13)),NOT(ISNUMBER('🎯 Palpites'!S13))),"", IF(AND('🎯 Palpites'!R13='⚽ Jogos'!F12,'🎯 Palpites'!S13='⚽ Jogos'!H12),3, IF(AND(SIGN('🎯 Palpites'!R13-'🎯 Palpites'!S13)=SIGN('⚽ Jogos'!F12-'⚽ Jogos'!H12),('🎯 Palpites'!R13-'🎯 Palpites'!S13)=('⚽ Jogos'!F12-'⚽ Jogos'!H12)),2, IF(SIGN('🎯 Palpites'!R13-'🎯 Palpites'!S13)=SIGN('⚽ Jogos'!F12-'⚽ Jogos'!H12),1, 0)))) | L13: =IF(OR(NOT(ISNUMBER('⚽ Jogos'!F12)),NOT(ISNUMBER('⚽ Jogos'!H12)),NOT(ISNUMBER('🎯 Palpites'!T13)),NOT(ISNUMBER('🎯 Palpites'!U13))),"", IF(AND('🎯 Palpites'!T13='⚽ Jogos'!F12,'🎯 Palpites'!U13='⚽ Jogos'!H12),3, IF(AND(SIGN('🎯 Palpites'!T13-'🎯 Palpites'!U13)=SIGN('⚽ Jogos'!F12-'⚽ Jogos'!H12),('🎯 Palpites'!T13-'🎯 Palpites'!U13)=('⚽ Jogos'!F12-'⚽ Jogos'!H12)),2, IF(SIGN('🎯 Palpites'!T13-'🎯 Palpites'!U13)=SIGN('⚽ Jogos'!F12-'⚽ Jogos'!H12),1, 0)))) | M13: =IF(OR(NOT(ISNUMBER('⚽ Jogos'!F12)),NOT(ISNUMBER('⚽ Jogos'!H12)),NOT(ISNUMBER('🎯 Palpites'!V13)),NOT(ISNUMBER('🎯 Palpites'!W13))),"", IF(AND('🎯 Palpites'!V13='⚽ Jogos'!F12,'🎯 Palpites'!W13='⚽ Jogos'!H12),3, IF(AND(SIGN('🎯 Palpites'!V13-'🎯 Palpites'!W13)=SIGN('⚽ Jogos'!F12-'⚽ Jogos'!H12),('🎯 Palpites'!V13-'🎯 Palpites'!W13)=('⚽ Jogos'!F12-'⚽ Jogos'!H12)),2, IF(SIGN('🎯 Palpites'!V13-'🎯 Palpites'!W13)=SIGN('⚽ Jogos'!F12-'⚽ Jogos'!H12),1, 0)))) | N13: =IF(OR(NOT(ISNUMBER('⚽ Jogos'!F12)),NOT(ISNUMBER('⚽ Jogos'!H12)),NOT(ISNUMBER('🎯 Palpites'!X13)),NOT(ISNUMBER('🎯 Palpites'!Y13))),"", IF(AND('🎯 Palpites'!X13='⚽ Jogos'!F12,'🎯 Palpites'!Y13='⚽ Jogos'!H12),3, IF(AND(SIGN('🎯 Palpites'!X13-'🎯 Palpites'!Y13)=SIGN('⚽ Jogos'!F12-'⚽ Jogos'!H12),('🎯 Palpites'!X13-'🎯 Palpites'!Y13)=('⚽ Jogos'!F12-'⚽ Jogos'!H12)),2, IF(SIGN('🎯 Palpites'!X13-'🎯 Palpites'!Y13)=SIGN('⚽ Jogos'!F12-'⚽ Jogos'!H12),1, 0)))) | O13: =IF(OR(NOT(ISNUMBER('⚽ Jogos'!F12)),NOT(ISNUMBER('⚽ Jogos'!H12)),NOT(ISNUMBER('🎯 Palpites (11-20)'!F13)),NOT(ISNUMBER('🎯 Palpites (11-20)'!G13))),"", IF(AND('🎯 Palpites (11-20)'!F13='⚽ Jogos'!F12,'🎯 Palpites (11-20)'!G13='⚽ Jogos'!H12),3, IF(AND(SIGN('🎯 Palpites (11-20)'!F13-'🎯 Palpites (11-20)'!G13)=SIGN('⚽ Jogos'!F12-'⚽ Jogos'!H12),('🎯 Palpites (11-20)'!F13-'🎯 Palpites (11-20)'!G13)=('⚽ Jogos'!F12-'⚽ Jogos'!H12)),2, IF(SIGN('🎯 Palpites (11-20)'!F13-'🎯 Palpites (11-20)'!G13)=SIGN('⚽ Jogos'!F12-'⚽ Jogos'!H12),1, 0)))) | P13: =IF(OR(NOT(ISNUMBER('⚽ Jogos'!F12)),NOT(ISNUMBER('⚽ Jogos'!H12)),NOT(ISNUMBER('🎯 Palpites (11-20)'!H13)),NOT(ISNUMBER('🎯 Palpites (11-20)'!I13))),"", IF(AND('🎯 Palpites (11-20)'!H13='⚽ Jogos'!F12,'🎯 Palpites (11-20)'!I13='⚽ Jogos'!H12),3, IF(AND(SIGN('🎯 Palpites (11-20)'!H13-'🎯 Palpites (11-20)'!I13)=SIGN('⚽ Jogos'!F12-'⚽ Jogos'!H12),('🎯 Palpites (11-20)'!H13-'🎯 Palpites (11-20)'!I13)=('⚽ Jogos'!F12-'⚽ Jogos'!H12)),2, IF(SIGN('🎯 Palpites (11-20)'!H13-'🎯 Palpites (11-20)'!I13)=SIGN('⚽ Jogos'!F12-'⚽ Jogos'!H12),1, 0)))) | Q13: =IF(OR(NOT(ISNUMBER('⚽ Jogos'!F12)),NOT(ISNUMBER('⚽ Jogos'!H12)),NOT(ISNUMBER('🎯 Palpites (11-20)'!J13)),NOT(ISNUMBER('🎯 Palpites (11-20)'!K13))),"", IF(AND('🎯 Palpites (11-20)'!J13='⚽ Jogos'!F12,'🎯 Palpites (11-20)'!K13='⚽ Jogos'!H12),3, IF(AND(SIGN('🎯 Palpites (11-20)'!J13-'🎯 Palpites (11-20)'!K13)=SIGN('⚽ Jogos'!F12-'⚽ Jogos'!H12),('🎯 Palpites (11-20)'!J13-'🎯 Palpites (11-20)'!K13)=('⚽ Jogos'!F12-'⚽ Jogos'!H12)),2, IF(SIGN('🎯 Palpites (11-20)'!J13-'🎯 Palpites (11-20)'!K13)=SIGN('⚽ Jogos'!F12-'⚽ Jogos'!H12),1, 0)))) | R13: =IF(OR(NOT(ISNUMBER('⚽ Jogos'!F12)),NOT(ISNUMBER('⚽ Jogos'!H12)),NOT(ISNUMBER('🎯 Palpites (11-20)'!L13)),NOT(ISNUMBER('🎯 Palpites (11-20)'!M13))),"", IF(AND('🎯 Palpites (11-20)'!L13='⚽ Jogos'!F12,'🎯 Palpites (11-20)'!M13='⚽ Jogos'!H12),3, IF(AND(SIGN('🎯 Palpites (11-20)'!L13-'🎯 Palpites (11-20)'!M13)=SIGN('⚽ Jogos'!F12-'⚽ Jogos'!H12),('🎯 Palpites (11-20)'!L13-'🎯 Palpites (11-20)'!M13)=('⚽ Jogos'!F12-'⚽ Jogos'!H12)),2, IF(SIGN('🎯 Palpites (11-20)'!L13-'🎯 Palpites (11-20)'!M13)=SIGN('⚽ Jogos'!F12-'⚽ Jogos'!H12),1, 0)))) | S13: =IF(OR(NOT(ISNUMBER('⚽ Jogos'!F12)),NOT(ISNUMBER('⚽ Jogos'!H12)),NOT(ISNUMBER('🎯 Palpites (11-20)'!N13)),NOT(ISNUMBER('🎯 Palpites (11-20)'!O13))),"", IF(AND('🎯 Palpites (11-20)'!N13='⚽ Jogos'!F12,'🎯 Palpites (11-20)'!O13='⚽ Jogos'!H12),3, IF(AND(SIGN('🎯 Palpites (11-20)'!N13-'🎯 Palpites (11-20)'!O13)=SIGN('⚽ Jogos'!F12-'⚽ Jogos'!H12),('🎯 Palpites (11-20)'!N13-'🎯 Palpites (11-20)'!O13)=('⚽ Jogos'!F12-'⚽ Jogos'!H12)),2, IF(SIGN('🎯 Palpites (11-20)'!N13-'🎯 Palpites (11-20)'!O13)=SIGN('⚽ Jogos'!F12-'⚽ Jogos'!H12),1, 0)))) | T13: =IF(OR(NOT(ISNUMBER('⚽ Jogos'!F12)),NOT(ISNUMBER('⚽ Jogos'!H12)),NOT(ISNUMBER('🎯 Palpites (11-20)'!P13)),NOT(ISNUMBER('🎯 Palpites (11-20)'!Q13))),"", IF(AND('🎯 Palpites (11-20)'!P13='⚽ Jogos'!F12,'🎯 Palpites (11-20)'!Q13='⚽ Jogos'!H12),3, IF(AND(SIGN('🎯 Palpites (11-20)'!P13-'🎯 Palpites (11-20)'!Q13)=SIGN('⚽ Jogos'!F12-'⚽ Jogos'!H12),('🎯 Palpites (11-20)'!P13-'🎯 Palpites (11-20)'!Q13)=('⚽ Jogos'!F12-'⚽ Jogos'!H12)),2, IF(SIGN('🎯 Palpites (11-20)'!P13-'🎯 Palpites (11-20)'!Q13)=SIGN('⚽ Jogos'!F12-'⚽ Jogos'!H12),1, 0)))) | U13: =IF(OR(NOT(ISNUMBER('⚽ Jogos'!F12)),NOT(ISNUMBER('⚽ Jogos'!H12)),NOT(ISNUMBER('🎯 Palpites (11-20)'!R13)),NOT(ISNUMBER('🎯 Palpites (11-20)'!S13))),"", IF(AND('🎯 Palpites (11-20)'!R13='⚽ Jogos'!F12,'🎯 Palpites (11-20)'!S13='⚽ Jogos'!H12),3, IF(AND(SIGN('🎯 Palpites (11-20)'!R13-'🎯 Palpites (11-20)'!S13)=SIGN('⚽ Jogos'!F12-'⚽ Jogos'!H12),('🎯 Palpites (11-20)'!R13-'🎯 Palpites (11-20)'!S13)=('⚽ Jogos'!F12-'⚽ Jogos'!H12)),2, IF(SIGN('🎯 Palpites (11-20)'!R13-'🎯 Palpites (11-20)'!S13)=SIGN('⚽ Jogos'!F12-'⚽ Jogos'!H12),1, 0)))) | V13: =IF(OR(NOT(ISNUMBER('⚽ Jogos'!F12)),NOT(ISNUMBER('⚽ Jogos'!H12)),NOT(ISNUMBER('🎯 Palpites (11-20)'!T13)),NOT(ISNUMBER('🎯 Palpites (11-20)'!U13))),"", IF(AND('🎯 Palpites (11-20)'!T13='⚽ Jogos'!F12,'🎯 Palpites (11-20)'!U13='⚽ Jogos'!H12),3, IF(AND(SIGN('🎯 Palpites (11-20)'!T13-'🎯 Palpites (11-20)'!U13)=SIGN('⚽ Jogos'!F12-'⚽ Jogos'!H12),('🎯 Palpites (11-20)'!T13-'🎯 Palpites (11-20)'!U13)=('⚽ Jogos'!F12-'⚽ Jogos'!H12)),2, IF(SIGN('🎯 Palpites (11-20)'!T13-'🎯 Palpites (11-20)'!U13)=SIGN('⚽ Jogos'!F12-'⚽ Jogos'!H12),1, 0)))) | W13: =IF(OR(NOT(ISNUMBER('⚽ Jogos'!F12)),NOT(ISNUMBER('⚽ Jogos'!H12)),NOT(ISNUMBER('🎯 Palpites (11-20)'!V13)),NOT(ISNUMBER('🎯 Palpites (11-20)'!W13))),"", IF(AND('🎯 Palpites (11-20)'!V13='⚽ Jogos'!F12,'🎯 Palpites (11-20)'!W13='⚽ Jogos'!H12),3, IF(AND(SIGN('🎯 Palpites (11-20)'!V13-'🎯 Palpites (11-20)'!W13)=SIGN('⚽ Jogos'!F12-'⚽ Jogos'!H12),('🎯 Palpites (11-20)'!V13-'🎯 Palpites (11-20)'!W13)=('⚽ Jogos'!F12-'⚽ Jogos'!H12)),2, IF(SIGN('🎯 Palpites (11-20)'!V13-'🎯 Palpites (11-20)'!W13)=SIGN('⚽ Jogos'!F12-'⚽ Jogos'!H12),1, 0)))) | X13: =IF(OR(NOT(ISNUMBER('⚽ Jogos'!F12)),NOT(ISNUMBER('⚽ Jogos'!H12)),NOT(ISNUMBER('🎯 Palpites (11-20)'!X13)),NOT(ISNUMBER('🎯 Palpites (11-20)'!Y13))),"", IF(AND('🎯 Palpites (11-20)'!X13='⚽ Jogos'!F12,'🎯 Palpites (11-20)'!Y13='⚽ Jogos'!H12),3, IF(AND(SIGN('🎯 Palpites (11-20)'!X13-'🎯 Palpites (11-20)'!Y13)=SIGN('⚽ Jogos'!F12-'⚽ Jogos'!H12),('🎯 Palpites (11-20)'!X13-'🎯 Palpites (11-20)'!Y13)=('⚽ Jogos'!F12-'⚽ Jogos'!H12)),2, IF(SIGN('🎯 Palpites (11-20)'!X13-'🎯 Palpites (11-20)'!Y13)=SIGN('⚽ Jogos'!F12-'⚽ Jogos'!H12),1, 0))))
B14: 7 | C14: Haiti | D14: Escócia | E14: =IF(OR(NOT(ISNUMBER('⚽ Jogos'!F13)),NOT(ISNUMBER('⚽ Jogos'!H13)),NOT(ISNUMBER('🎯 Palpites'!F14)),NOT(ISNUMBER('🎯 Palpites'!G14))),"", IF(AND('🎯 Palpites'!F14='⚽ Jogos'!F13,'🎯 Palpites'!G14='⚽ Jogos'!H13),3, IF(AND(SIGN('🎯 Palpites'!F14-'🎯 Palpites'!G14)=SIGN('⚽ Jogos'!F13-'⚽ Jogos'!H13),('🎯 Palpites'!F14-'🎯 Palpites'!G14)=('⚽ Jogos'!F13-'⚽ Jogos'!H13)),2, IF(SIGN('🎯 Palpites'!F14-'🎯 Palpites'!G14)=SIGN('⚽ Jogos'!F13-'⚽ Jogos'!H13),1, 0)))) | F14: =IF(OR(NOT(ISNUMBER('⚽ Jogos'!F13)),NOT(ISNUMBER('⚽ Jogos'!H13)),NOT(ISNUMBER('🎯 Palpites'!H14)),NOT(ISNUMBER('🎯 Palpites'!I14))),"", IF(AND('🎯 Palpites'!H14='⚽ Jogos'!F13,'🎯 Palpites'!I14='⚽ Jogos'!H13),3, IF(AND(SIGN('🎯 Palpites'!H14-'🎯 Palpites'!I14)=SIGN('⚽ Jogos'!F13-'⚽ Jogos'!H13),('🎯 Palpites'!H14-'🎯 Palpites'!I14)=('⚽ Jogos'!F13-'⚽ Jogos'!H13)),2, IF(SIGN('🎯 Palpites'!H14-'🎯 Palpites'!I14)=SIGN('⚽ Jogos'!F13-'⚽ Jogos'!H13),1, 0)))) | G14: =IF(OR(NOT(ISNUMBER('⚽ Jogos'!F13)),NOT(ISNUMBER('⚽ Jogos'!H13)),NOT(ISNUMBER('🎯 Palpites'!J14)),NOT(ISNUMBER('🎯 Palpites'!K14))),"", IF(AND('🎯 Palpites'!J14='⚽ Jogos'!F13,'🎯 Palpites'!K14='⚽ Jogos'!H13),3, IF(AND(SIGN('🎯 Palpites'!J14-'🎯 Palpites'!K14)=SIGN('⚽ Jogos'!F13-'⚽ Jogos'!H13),('🎯 Palpites'!J14-'🎯 Palpites'!K14)=('⚽ Jogos'!F13-'⚽ Jogos'!H13)),2, IF(SIGN('🎯 Palpites'!J14-'🎯 Palpites'!K14)=SIGN('⚽ Jogos'!F13-'⚽ Jogos'!H13),1, 0)))) | H14: =IF(OR(NOT(ISNUMBER('⚽ Jogos'!F13)),NOT(ISNUMBER('⚽ Jogos'!H13)),NOT(ISNUMBER('🎯 Palpites'!L14)),NOT(ISNUMBER('🎯 Palpites'!M14))),"", IF(AND('🎯 Palpites'!L14='⚽ Jogos'!F13,'🎯 Palpites'!M14='⚽ Jogos'!H13),3, IF(AND(SIGN('🎯 Palpites'!L14-'🎯 Palpites'!M14)=SIGN('⚽ Jogos'!F13-'⚽ Jogos'!H13),('🎯 Palpites'!L14-'🎯 Palpites'!M14)=('⚽ Jogos'!F13-'⚽ Jogos'!H13)),2, IF(SIGN('🎯 Palpites'!L14-'🎯 Palpites'!M14)=SIGN('⚽ Jogos'!F13-'⚽ Jogos'!H13),1, 0)))) | I14: =IF(OR(NOT(ISNUMBER('⚽ Jogos'!F13)),NOT(ISNUMBER('⚽ Jogos'!H13)),NOT(ISNUMBER('🎯 Palpites'!N14)),NOT(ISNUMBER('🎯 Palpites'!O14))),"", IF(AND('🎯 Palpites'!N14='⚽ Jogos'!F13,'🎯 Palpites'!O14='⚽ Jogos'!H13),3, IF(AND(SIGN('🎯 Palpites'!N14-'🎯 Palpites'!O14)=SIGN('⚽ Jogos'!F13-'⚽ Jogos'!H13),('🎯 Palpites'!N14-'🎯 Palpites'!O14)=('⚽ Jogos'!F13-'⚽ Jogos'!H13)),2, IF(SIGN('🎯 Palpites'!N14-'🎯 Palpites'!O14)=SIGN('⚽ Jogos'!F13-'⚽ Jogos'!H13),1, 0)))) | J14: =IF(OR(NOT(ISNUMBER('⚽ Jogos'!F13)),NOT(ISNUMBER('⚽ Jogos'!H13)),NOT(ISNUMBER('🎯 Palpites'!P14)),NOT(ISNUMBER('🎯 Palpites'!Q14))),"", IF(AND('🎯 Palpites'!P14='⚽ Jogos'!F13,'🎯 Palpites'!Q14='⚽ Jogos'!H13),3, IF(AND(SIGN('🎯 Palpites'!P14-'🎯 Palpites'!Q14)=SIGN('⚽ Jogos'!F13-'⚽ Jogos'!H13),('🎯 Palpites'!P14-'🎯 Palpites'!Q14)=('⚽ Jogos'!F13-'⚽ Jogos'!H13)),2, IF(SIGN('🎯 Palpites'!P14-'🎯 Palpites'!Q14)=SIGN('⚽ Jogos'!F13-'⚽ Jogos'!H13),1, 0)))) | K14: =IF(OR(NOT(ISNUMBER('⚽ Jogos'!F13)),NOT(ISNUMBER('⚽ Jogos'!H13)),NOT(ISNUMBER('🎯 Palpites'!R14)),NOT(ISNUMBER('🎯 Palpites'!S14))),"", IF(AND('🎯 Palpites'!R14='⚽ Jogos'!F13,'🎯 Palpites'!S14='⚽ Jogos'!H13),3, IF(AND(SIGN('🎯 Palpites'!R14-'🎯 Palpites'!S14)=SIGN('⚽ Jogos'!F13-'⚽ Jogos'!H13),('🎯 Palpites'!R14-'🎯 Palpites'!S14)=('⚽ Jogos'!F13-'⚽ Jogos'!H13)),2, IF(SIGN('🎯 Palpites'!R14-'🎯 Palpites'!S14)=SIGN('⚽ Jogos'!F13-'⚽ Jogos'!H13),1, 0)))) | L14: =IF(OR(NOT(ISNUMBER('⚽ Jogos'!F13)),NOT(ISNUMBER('⚽ Jogos'!H13)),NOT(ISNUMBER('🎯 Palpites'!T14)),NOT(ISNUMBER('🎯 Palpites'!U14))),"", IF(AND('🎯 Palpites'!T14='⚽ Jogos'!F13,'🎯 Palpites'!U14='⚽ Jogos'!H13),3, IF(AND(SIGN('🎯 Palpites'!T14-'🎯 Palpites'!U14)=SIGN('⚽ Jogos'!F13-'⚽ Jogos'!H13),('🎯 Palpites'!T14-'🎯 Palpites'!U14)=('⚽ Jogos'!F13-'⚽ Jogos'!H13)),2, IF(SIGN('🎯 Palpites'!T14-'🎯 Palpites'!U14)=SIGN('⚽ Jogos'!F13-'⚽ Jogos'!H13),1, 0)))) | M14: =IF(OR(NOT(ISNUMBER('⚽ Jogos'!F13)),NOT(ISNUMBER('⚽ Jogos'!H13)),NOT(ISNUMBER('🎯 Palpites'!V14)),NOT(ISNUMBER('🎯 Palpites'!W14))),"", IF(AND('🎯 Palpites'!V14='⚽ Jogos'!F13,'🎯 Palpites'!W14='⚽ Jogos'!H13),3, IF(AND(SIGN('🎯 Palpites'!V14-'🎯 Palpites'!W14)=SIGN('⚽ Jogos'!F13-'⚽ Jogos'!H13),('🎯 Palpites'!V14-'🎯 Palpites'!W14)=('⚽ Jogos'!F13-'⚽ Jogos'!H13)),2, IF(SIGN('🎯 Palpites'!V14-'🎯 Palpites'!W14)=SIGN('⚽ Jogos'!F13-'⚽ Jogos'!H13),1, 0)))) | N14: =IF(OR(NOT(ISNUMBER('⚽ Jogos'!F13)),NOT(ISNUMBER('⚽ Jogos'!H13)),NOT(ISNUMBER('🎯 Palpites'!X14)),NOT(ISNUMBER('🎯 Palpites'!Y14))),"", IF(AND('🎯 Palpites'!X14='⚽ Jogos'!F13,'🎯 Palpites'!Y14='⚽ Jogos'!H13),3, IF(AND(SIGN('🎯 Palpites'!X14-'🎯 Palpites'!Y14)=SIGN('⚽ Jogos'!F13-'⚽ Jogos'!H13),('🎯 Palpites'!X14-'🎯 Palpites'!Y14)=('⚽ Jogos'!F13-'⚽ Jogos'!H13)),2, IF(SIGN('🎯 Palpites'!X14-'🎯 Palpites'!Y14)=SIGN('⚽ Jogos'!F13-'⚽ Jogos'!H13),1, 0)))) | O14: =IF(OR(NOT(ISNUMBER('⚽ Jogos'!F13)),NOT(ISNUMBER('⚽ Jogos'!H13)),NOT(ISNUMBER('🎯 Palpites (11-20)'!F14)),NOT(ISNUMBER('🎯 Palpites (11-20)'!G14))),"", IF(AND('🎯 Palpites (11-20)'!F14='⚽ Jogos'!F13,'🎯 Palpites (11-20)'!G14='⚽ Jogos'!H13),3, IF(AND(SIGN('🎯 Palpites (11-20)'!F14-'🎯 Palpites (11-20)'!G14)=SIGN('⚽ Jogos'!F13-'⚽ Jogos'!H13),('🎯 Palpites (11-20)'!F14-'🎯 Palpites (11-20)'!G14)=('⚽ Jogos'!F13-'⚽ Jogos'!H13)),2, IF(SIGN('🎯 Palpites (11-20)'!F14-'🎯 Palpites (11-20)'!G14)=SIGN('⚽ Jogos'!F13-'⚽ Jogos'!H13),1, 0)))) | P14: =IF(OR(NOT(ISNUMBER('⚽ Jogos'!F13)),NOT(ISNUMBER('⚽ Jogos'!H13)),NOT(ISNUMBER('🎯 Palpites (11-20)'!H14)),NOT(ISNUMBER('🎯 Palpites (11-20)'!I14))),"", IF(AND('🎯 Palpites (11-20)'!H14='⚽ Jogos'!F13,'🎯 Palpites (11-20)'!I14='⚽ Jogos'!H13),3, IF(AND(SIGN('🎯 Palpites (11-20)'!H14-'🎯 Palpites (11-20)'!I14)=SIGN('⚽ Jogos'!F13-'⚽ Jogos'!H13),('🎯 Palpites (11-20)'!H14-'🎯 Palpites (11-20)'!I14)=('⚽ Jogos'!F13-'⚽ Jogos'!H13)),2, IF(SIGN('🎯 Palpites (11-20)'!H14-'🎯 Palpites (11-20)'!I14)=SIGN('⚽ Jogos'!F13-'⚽ Jogos'!H13),1, 0)))) | Q14: =IF(OR(NOT(ISNUMBER('⚽ Jogos'!F13)),NOT(ISNUMBER('⚽ Jogos'!H13)),NOT(ISNUMBER('🎯 Palpites (11-20)'!J14)),NOT(ISNUMBER('🎯 Palpites (11-20)'!K14))),"", IF(AND('🎯 Palpites (11-20)'!J14='⚽ Jogos'!F13,'🎯 Palpites (11-20)'!K14='⚽ Jogos'!H13),3, IF(AND(SIGN('🎯 Palpites (11-20)'!J14-'🎯 Palpites (11-20)'!K14)=SIGN('⚽ Jogos'!F13-'⚽ Jogos'!H13),('🎯 Palpites (11-20)'!J14-'🎯 Palpites (11-20)'!K14)=('⚽ Jogos'!F13-'⚽ Jogos'!H13)),2, IF(SIGN('🎯 Palpites (11-20)'!J14-'🎯 Palpites (11-20)'!K14)=SIGN('⚽ Jogos'!F13-'⚽ Jogos'!H13),1, 0)))) | R14: =IF(OR(NOT(ISNUMBER('⚽ Jogos'!F13)),NOT(ISNUMBER('⚽ Jogos'!H13)),NOT(ISNUMBER('🎯 Palpites (11-20)'!L14)),NOT(ISNUMBER('🎯 Palpites (11-20)'!M14))),"", IF(AND('🎯 Palpites (11-20)'!L14='⚽ Jogos'!F13,'🎯 Palpites (11-20)'!M14='⚽ Jogos'!H13),3, IF(AND(SIGN('🎯 Palpites (11-20)'!L14-'🎯 Palpites (11-20)'!M14)=SIGN('⚽ Jogos'!F13-'⚽ Jogos'!H13),('🎯 Palpites (11-20)'!L14-'🎯 Palpites (11-20)'!M14)=('⚽ Jogos'!F13-'⚽ Jogos'!H13)),2, IF(SIGN('🎯 Palpites (11-20)'!L14-'🎯 Palpites (11-20)'!M14)=SIGN('⚽ Jogos'!F13-'⚽ Jogos'!H13),1, 0)))) | S14: =IF(OR(NOT(ISNUMBER('⚽ Jogos'!F13)),NOT(ISNUMBER('⚽ Jogos'!H13)),NOT(ISNUMBER('🎯 Palpites (11-20)'!N14)),NOT(ISNUMBER('🎯 Palpites (11-20)'!O14))),"", IF(AND('🎯 Palpites (11-20)'!N14='⚽ Jogos'!F13,'🎯 Palpites (11-20)'!O14='⚽ Jogos'!H13),3, IF(AND(SIGN('🎯 Palpites (11-20)'!N14-'🎯 Palpites (11-20)'!O14)=SIGN('⚽ Jogos'!F13-'⚽ Jogos'!H13),('🎯 Palpites (11-20)'!N14-'🎯 Palpites (11-20)'!O14)=('⚽ Jogos'!F13-'⚽ Jogos'!H13)),2, IF(SIGN('🎯 Palpites (11-20)'!N14-'🎯 Palpites (11-20)'!O14)=SIGN('⚽ Jogos'!F13-'⚽ Jogos'!H13),1, 0)))) | T14: =IF(OR(NOT(ISNUMBER('⚽ Jogos'!F13)),NOT(ISNUMBER('⚽ Jogos'!H13)),NOT(ISNUMBER('🎯 Palpites (11-20)'!P14)),NOT(ISNUMBER('🎯 Palpites (11-20)'!Q14))),"", IF(AND('🎯 Palpites (11-20)'!P14='⚽ Jogos'!F13,'🎯 Palpites (11-20)'!Q14='⚽ Jogos'!H13),3, IF(AND(SIGN('🎯 Palpites (11-20)'!P14-'🎯 Palpites (11-20)'!Q14)=SIGN('⚽ Jogos'!F13-'⚽ Jogos'!H13),('🎯 Palpites (11-20)'!P14-'🎯 Palpites (11-20)'!Q14)=('⚽ Jogos'!F13-'⚽ Jogos'!H13)),2, IF(SIGN('🎯 Palpites (11-20)'!P14-'🎯 Palpites (11-20)'!Q14)=SIGN('⚽ Jogos'!F13-'⚽ Jogos'!H13),1, 0)))) | U14: =IF(OR(NOT(ISNUMBER('⚽ Jogos'!F13)),NOT(ISNUMBER('⚽ Jogos'!H13)),NOT(ISNUMBER('🎯 Palpites (11-20)'!R14)),NOT(ISNUMBER('🎯 Palpites (11-20)'!S14))),"", IF(AND('🎯 Palpites (11-20)'!R14='⚽ Jogos'!F13,'🎯 Palpites (11-20)'!S14='⚽ Jogos'!H13),3, IF(AND(SIGN('🎯 Palpites (11-20)'!R14-'🎯 Palpites (11-20)'!S14)=SIGN('⚽ Jogos'!F13-'⚽ Jogos'!H13),('🎯 Palpites (11-20)'!R14-'🎯 Palpites (11-20)'!S14)=('⚽ Jogos'!F13-'⚽ Jogos'!H13)),2, IF(SIGN('🎯 Palpites (11-20)'!R14-'🎯 Palpites (11-20)'!S14)=SIGN('⚽ Jogos'!F13-'⚽ Jogos'!H13),1, 0)))) | V14: =IF(OR(NOT(ISNUMBER('⚽ Jogos'!F13)),NOT(ISNUMBER('⚽ Jogos'!H13)),NOT(ISNUMBER('🎯 Palpites (11-20)'!T14)),NOT(ISNUMBER('🎯 Palpites (11-20)'!U14))),"", IF(AND('🎯 Palpites (11-20)'!T14='⚽ Jogos'!F13,'🎯 Palpites (11-20)'!U14='⚽ Jogos'!H13),3, IF(AND(SIGN('🎯 Palpites (11-20)'!T14-'🎯 Palpites (11-20)'!U14)=SIGN('⚽ Jogos'!F13-'⚽ Jogos'!H13),('🎯 Palpites (11-20)'!T14-'🎯 Palpites (11-20)'!U14)=('⚽ Jogos'!F13-'⚽ Jogos'!H13)),2, IF(SIGN('🎯 Palpites (11-20)'!T14-'🎯 Palpites (11-20)'!U14)=SIGN('⚽ Jogos'!F13-'⚽ Jogos'!H13),1, 0)))) | W14: =IF(OR(NOT(ISNUMBER('⚽ Jogos'!F13)),NOT(ISNUMBER('⚽ Jogos'!H13)),NOT(ISNUMBER('🎯 Palpites (11-20)'!V14)),NOT(ISNUMBER('🎯 Palpites (11-20)'!W14))),"", IF(AND('🎯 Palpites (11-20)'!V14='⚽ Jogos'!F13,'🎯 Palpites (11-20)'!W14='⚽ Jogos'!H13),3, IF(AND(SIGN('🎯 Palpites (11-20)'!V14-'🎯 Palpites (11-20)'!W14)=SIGN('⚽ Jogos'!F13-'⚽ Jogos'!H13),('🎯 Palpites (11-20)'!V14-'🎯 Palpites (11-20)'!W14)=('⚽ Jogos'!F13-'⚽ Jogos'!H13)),2, IF(SIGN('🎯 Palpites (11-20)'!V14-'🎯 Palpites (11-20)'!W14)=SIGN('⚽ Jogos'!F13-'⚽ Jogos'!H13),1, 0)))) | X14: =IF(OR(NOT(ISNUMBER('⚽ Jogos'!F13)),NOT(ISNUMBER('⚽ Jogos'!H13)),NOT(ISNUMBER('🎯 Palpites (11-20)'!X14)),NOT(ISNUMBER('🎯 Palpites (11-20)'!Y14))),"", IF(AND('🎯 Palpites (11-20)'!X14='⚽ Jogos'!F13,'🎯 Palpites (11-20)'!Y14='⚽ Jogos'!H13),3, IF(AND(SIGN('🎯 Palpites (11-20)'!X14-'🎯 Palpites (11-20)'!Y14)=SIGN('⚽ Jogos'!F13-'⚽ Jogos'!H13),('🎯 Palpites (11-20)'!X14-'🎯 Palpites (11-20)'!Y14)=('⚽ Jogos'!F13-'⚽ Jogos'!H13)),2, IF(SIGN('🎯 Palpites (11-20)'!X14-'🎯 Palpites (11-20)'!Y14)=SIGN('⚽ Jogos'!F13-'⚽ Jogos'!H13),1, 0))))
B15: 8 | C15: Austrália | D15: Turquia | E15: =IF(OR(NOT(ISNUMBER('⚽ Jogos'!F14)),NOT(ISNUMBER('⚽ Jogos'!H14)),NOT(ISNUMBER('🎯 Palpites'!F15)),NOT(ISNUMBER('🎯 Palpites'!G15))),"", IF(AND('🎯 Palpites'!F15='⚽ Jogos'!F14,'🎯 Palpites'!G15='⚽ Jogos'!H14),3, IF(AND(SIGN('🎯 Palpites'!F15-'🎯 Palpites'!G15)=SIGN('⚽ Jogos'!F14-'⚽ Jogos'!H14),('🎯 Palpites'!F15-'🎯 Palpites'!G15)=('⚽ Jogos'!F14-'⚽ Jogos'!H14)),2, IF(SIGN('🎯 Palpites'!F15-'🎯 Palpites'!G15)=SIGN('⚽ Jogos'!F14-'⚽ Jogos'!H14),1, 0)))) | F15: =IF(OR(NOT(ISNUMBER('⚽ Jogos'!F14)),NOT(ISNUMBER('⚽ Jogos'!H14)),NOT(ISNUMBER('🎯 Palpites'!H15)),NOT(ISNUMBER('🎯 Palpites'!I15))),"", IF(AND('🎯 Palpites'!H15='⚽ Jogos'!F14,'🎯 Palpites'!I15='⚽ Jogos'!H14),3, IF(AND(SIGN('🎯 Palpites'!H15-'🎯 Palpites'!I15)=SIGN('⚽ Jogos'!F14-'⚽ Jogos'!H14),('🎯 Palpites'!H15-'🎯 Palpites'!I15)=('⚽ Jogos'!F14-'⚽ Jogos'!H14)),2, IF(SIGN('🎯 Palpites'!H15-'🎯 Palpites'!I15)=SIGN('⚽ Jogos'!F14-'⚽ Jogos'!H14),1, 0)))) | G15: =IF(OR(NOT(ISNUMBER('⚽ Jogos'!F14)),NOT(ISNUMBER('⚽ Jogos'!H14)),NOT(ISNUMBER('🎯 Palpites'!J15)),NOT(ISNUMBER('🎯 Palpites'!K15))),"", IF(AND('🎯 Palpites'!J15='⚽ Jogos'!F14,'🎯 Palpites'!K15='⚽ Jogos'!H14),3, IF(AND(SIGN('🎯 Palpites'!J15-'🎯 Palpites'!K15)=SIGN('⚽ Jogos'!F14-'⚽ Jogos'!H14),('🎯 Palpites'!J15-'🎯 Palpites'!K15)=('⚽ Jogos'!F14-'⚽ Jogos'!H14)),2, IF(SIGN('🎯 Palpites'!J15-'🎯 Palpites'!K15)=SIGN('⚽ Jogos'!F14-'⚽ Jogos'!H14),1, 0)))) | H15: =IF(OR(NOT(ISNUMBER('⚽ Jogos'!F14)),NOT(ISNUMBER('⚽ Jogos'!H14)),NOT(ISNUMBER('🎯 Palpites'!L15)),NOT(ISNUMBER('🎯 Palpites'!M15))),"", IF(AND('🎯 Palpites'!L15='⚽ Jogos'!F14,'🎯 Palpites'!M15='⚽ Jogos'!H14),3, IF(AND(SIGN('🎯 Palpites'!L15-'🎯 Palpites'!M15)=SIGN('⚽ Jogos'!F14-'⚽ Jogos'!H14),('🎯 Palpites'!L15-'🎯 Palpites'!M15)=('⚽ Jogos'!F14-'⚽ Jogos'!H14)),2, IF(SIGN('🎯 Palpites'!L15-'🎯 Palpites'!M15)=SIGN('⚽ Jogos'!F14-'⚽ Jogos'!H14),1, 0)))) | I15: =IF(OR(NOT(ISNUMBER('⚽ Jogos'!F14)),NOT(ISNUMBER('⚽ Jogos'!H14)),NOT(ISNUMBER('🎯 Palpites'!N15)),NOT(ISNUMBER('🎯 Palpites'!O15))),"", IF(AND('🎯 Palpites'!N15='⚽ Jogos'!F14,'🎯 Palpites'!O15='⚽ Jogos'!H14),3, IF(AND(SIGN('🎯 Palpites'!N15-'🎯 Palpites'!O15)=SIGN('⚽ Jogos'!F14-'⚽ Jogos'!H14),('🎯 Palpites'!N15-'🎯 Palpites'!O15)=('⚽ Jogos'!F14-'⚽ Jogos'!H14)),2, IF(SIGN('🎯 Palpites'!N15-'🎯 Palpites'!O15)=SIGN('⚽ Jogos'!F14-'⚽ Jogos'!H14),1, 0)))) | J15: =IF(OR(NOT(ISNUMBER('⚽ Jogos'!F14)),NOT(ISNUMBER('⚽ Jogos'!H14)),NOT(ISNUMBER('🎯 Palpites'!P15)),NOT(ISNUMBER('🎯 Palpites'!Q15))),"", IF(AND('🎯 Palpites'!P15='⚽ Jogos'!F14,'🎯 Palpites'!Q15='⚽ Jogos'!H14),3, IF(AND(SIGN('🎯 Palpites'!P15-'🎯 Palpites'!Q15)=SIGN('⚽ Jogos'!F14-'⚽ Jogos'!H14),('🎯 Palpites'!P15-'🎯 Palpites'!Q15)=('⚽ Jogos'!F14-'⚽ Jogos'!H14)),2, IF(SIGN('🎯 Palpites'!P15-'🎯 Palpites'!Q15)=SIGN('⚽ Jogos'!F14-'⚽ Jogos'!H14),1, 0)))) | K15: =IF(OR(NOT(ISNUMBER('⚽ Jogos'!F14)),NOT(ISNUMBER('⚽ Jogos'!H14)),NOT(ISNUMBER('🎯 Palpites'!R15)),NOT(ISNUMBER('🎯 Palpites'!S15))),"", IF(AND('🎯 Palpites'!R15='⚽ Jogos'!F14,'🎯 Palpites'!S15='⚽ Jogos'!H14),3, IF(AND(SIGN('🎯 Palpites'!R15-'🎯 Palpites'!S15)=SIGN('⚽ Jogos'!F14-'⚽ Jogos'!H14),('🎯 Palpites'!R15-'🎯 Palpites'!S15)=('⚽ Jogos'!F14-'⚽ Jogos'!H14)),2, IF(SIGN('🎯 Palpites'!R15-'🎯 Palpites'!S15)=SIGN('⚽ Jogos'!F14-'⚽ Jogos'!H14),1, 0)))) | L15: =IF(OR(NOT(ISNUMBER('⚽ Jogos'!F14)),NOT(ISNUMBER('⚽ Jogos'!H14)),NOT(ISNUMBER('🎯 Palpites'!T15)),NOT(ISNUMBER('🎯 Palpites'!U15))),"", IF(AND('🎯 Palpites'!T15='⚽ Jogos'!F14,'🎯 Palpites'!U15='⚽ Jogos'!H14),3, IF(AND(SIGN('🎯 Palpites'!T15-'🎯 Palpites'!U15)=SIGN('⚽ Jogos'!F14-'⚽ Jogos'!H14),('🎯 Palpites'!T15-'🎯 Palpites'!U15)=('⚽ Jogos'!F14-'⚽ Jogos'!H14)),2, IF(SIGN('🎯 Palpites'!T15-'🎯 Palpites'!U15)=SIGN('⚽ Jogos'!F14-'⚽ Jogos'!H14),1, 0)))) | M15: =IF(OR(NOT(ISNUMBER('⚽ Jogos'!F14)),NOT(ISNUMBER('⚽ Jogos'!H14)),NOT(ISNUMBER('🎯 Palpites'!V15)),NOT(ISNUMBER('🎯 Palpites'!W15))),"", IF(AND('🎯 Palpites'!V15='⚽ Jogos'!F14,'🎯 Palpites'!W15='⚽ Jogos'!H14),3, IF(AND(SIGN('🎯 Palpites'!V15-'🎯 Palpites'!W15)=SIGN('⚽ Jogos'!F14-'⚽ Jogos'!H14),('🎯 Palpites'!V15-'🎯 Palpites'!W15)=('⚽ Jogos'!F14-'⚽ Jogos'!H14)),2, IF(SIGN('🎯 Palpites'!V15-'🎯 Palpites'!W15)=SIGN('⚽ Jogos'!F14-'⚽ Jogos'!H14),1, 0)))) | N15: =IF(OR(NOT(ISNUMBER('⚽ Jogos'!F14)),NOT(ISNUMBER('⚽ Jogos'!H14)),NOT(ISNUMBER('🎯 Palpites'!X15)),NOT(ISNUMBER('🎯 Palpites'!Y15))),"", IF(AND('🎯 Palpites'!X15='⚽ Jogos'!F14,'🎯 Palpites'!Y15='⚽ Jogos'!H14),3, IF(AND(SIGN('🎯 Palpites'!X15-'🎯 Palpites'!Y15)=SIGN('⚽ Jogos'!F14-'⚽ Jogos'!H14),('🎯 Palpites'!X15-'🎯 Palpites'!Y15)=('⚽ Jogos'!F14-'⚽ Jogos'!H14)),2, IF(SIGN('🎯 Palpites'!X15-'🎯 Palpites'!Y15)=SIGN('⚽ Jogos'!F14-'⚽ Jogos'!H14),1, 0)))) | O15: =IF(OR(NOT(ISNUMBER('⚽ Jogos'!F14)),NOT(ISNUMBER('⚽ Jogos'!H14)),NOT(ISNUMBER('🎯 Palpites (11-20)'!F15)),NOT(ISNUMBER('🎯 Palpites (11-20)'!G15))),"", IF(AND('🎯 Palpites (11-20)'!F15='⚽ Jogos'!F14,'🎯 Palpites (11-20)'!G15='⚽ Jogos'!H14),3, IF(AND(SIGN('🎯 Palpites (11-20)'!F15-'🎯 Palpites (11-20)'!G15)=SIGN('⚽ Jogos'!F14-'⚽ Jogos'!H14),('🎯 Palpites (11-20)'!F15-'🎯 Palpites (11-20)'!G15)=('⚽ Jogos'!F14-'⚽ Jogos'!H14)),2, IF(SIGN('🎯 Palpites (11-20)'!F15-'🎯 Palpites (11-20)'!G15)=SIGN('⚽ Jogos'!F14-'⚽ Jogos'!H14),1, 0)))) | P15: =IF(OR(NOT(ISNUMBER('⚽ Jogos'!F14)),NOT(ISNUMBER('⚽ Jogos'!H14)),NOT(ISNUMBER('🎯 Palpites (11-20)'!H15)),NOT(ISNUMBER('🎯 Palpites (11-20)'!I15))),"", IF(AND('🎯 Palpites (11-20)'!H15='⚽ Jogos'!F14,'🎯 Palpites (11-20)'!I15='⚽ Jogos'!H14),3, IF(AND(SIGN('🎯 Palpites (11-20)'!H15-'🎯 Palpites (11-20)'!I15)=SIGN('⚽ Jogos'!F14-'⚽ Jogos'!H14),('🎯 Palpites (11-20)'!H15-'🎯 Palpites (11-20)'!I15)=('⚽ Jogos'!F14-'⚽ Jogos'!H14)),2, IF(SIGN('🎯 Palpites (11-20)'!H15-'🎯 Palpites (11-20)'!I15)=SIGN('⚽ Jogos'!F14-'⚽ Jogos'!H14),1, 0)))) | Q15: =IF(OR(NOT(ISNUMBER('⚽ Jogos'!F14)),NOT(ISNUMBER('⚽ Jogos'!H14)),NOT(ISNUMBER('🎯 Palpites (11-20)'!J15)),NOT(ISNUMBER('🎯 Palpites (11-20)'!K15))),"", IF(AND('🎯 Palpites (11-20)'!J15='⚽ Jogos'!F14,'🎯 Palpites (11-20)'!K15='⚽ Jogos'!H14),3, IF(AND(SIGN('🎯 Palpites (11-20)'!J15-'🎯 Palpites (11-20)'!K15)=SIGN('⚽ Jogos'!F14-'⚽ Jogos'!H14),('🎯 Palpites (11-20)'!J15-'🎯 Palpites (11-20)'!K15)=('⚽ Jogos'!F14-'⚽ Jogos'!H14)),2, IF(SIGN('🎯 Palpites (11-20)'!J15-'🎯 Palpites (11-20)'!K15)=SIGN('⚽ Jogos'!F14-'⚽ Jogos'!H14),1, 0)))) | R15: =IF(OR(NOT(ISNUMBER('⚽ Jogos'!F14)),NOT(ISNUMBER('⚽ Jogos'!H14)),NOT(ISNUMBER('🎯 Palpites (11-20)'!L15)),NOT(ISNUMBER('🎯 Palpites (11-20)'!M15))),"", IF(AND('🎯 Palpites (11-20)'!L15='⚽ Jogos'!F14,'🎯 Palpites (11-20)'!M15='⚽ Jogos'!H14),3, IF(AND(SIGN('🎯 Palpites (11-20)'!L15-'🎯 Palpites (11-20)'!M15)=SIGN('⚽ Jogos'!F14-'⚽ Jogos'!H14),('🎯 Palpites (11-20)'!L15-'🎯 Palpites (11-20)'!M15)=('⚽ Jogos'!F14-'⚽ Jogos'!H14)),2, IF(SIGN('🎯 Palpites (11-20)'!L15-'🎯 Palpites (11-20)'!M15)=SIGN('⚽ Jogos'!F14-'⚽ Jogos'!H14),1, 0)))) | S15: =IF(OR(NOT(ISNUMBER('⚽ Jogos'!F14)),NOT(ISNUMBER('⚽ Jogos'!H14)),NOT(ISNUMBER('🎯 Palpites (11-20)'!N15)),NOT(ISNUMBER('🎯 Palpites (11-20)'!O15))),"", IF(AND('🎯 Palpites (11-20)'!N15='⚽ Jogos'!F14,'🎯 Palpites (11-20)'!O15='⚽ Jogos'!H14),3, IF(AND(SIGN('🎯 Palpites (11-20)'!N15-'🎯 Palpites (11-20)'!O15)=SIGN('⚽ Jogos'!F14-'⚽ Jogos'!H14),('🎯 Palpites (11-20)'!N15-'🎯 Palpites (11-20)'!O15)=('⚽ Jogos'!F14-'⚽ Jogos'!H14)),2, IF(SIGN('🎯 Palpites (11-20)'!N15-'🎯 Palpites (11-20)'!O15)=SIGN('⚽ Jogos'!F14-'⚽ Jogos'!H14),1, 0)))) | T15: =IF(OR(NOT(ISNUMBER('⚽ Jogos'!F14)),NOT(ISNUMBER('⚽ Jogos'!H14)),NOT(ISNUMBER('🎯 Palpites (11-20)'!P15)),NOT(ISNUMBER('🎯 Palpites (11-20)'!Q15))),"", IF(AND('🎯 Palpites (11-20)'!P15='⚽ Jogos'!F14,'🎯 Palpites (11-20)'!Q15='⚽ Jogos'!H14),3, IF(AND(SIGN('🎯 Palpites (11-20)'!P15-'🎯 Palpites (11-20)'!Q15)=SIGN('⚽ Jogos'!F14-'⚽ Jogos'!H14),('🎯 Palpites (11-20)'!P15-'🎯 Palpites (11-20)'!Q15)=('⚽ Jogos'!F14-'⚽ Jogos'!H14)),2, IF(SIGN('🎯 Palpites (11-20)'!P15-'🎯 Palpites (11-20)'!Q15)=SIGN('⚽ Jogos'!F14-'⚽ Jogos'!H14),1, 0)))) | U15: =IF(OR(NOT(ISNUMBER('⚽ Jogos'!F14)),NOT(ISNUMBER('⚽ Jogos'!H14)),NOT(ISNUMBER('🎯 Palpites (11-20)'!R15)),NOT(ISNUMBER('🎯 Palpites (11-20)'!S15))),"", IF(AND('🎯 Palpites (11-20)'!R15='⚽ Jogos'!F14,'🎯 Palpites (11-20)'!S15='⚽ Jogos'!H14),3, IF(AND(SIGN('🎯 Palpites (11-20)'!R15-'🎯 Palpites (11-20)'!S15)=SIGN('⚽ Jogos'!F14-'⚽ Jogos'!H14),('🎯 Palpites (11-20)'!R15-'🎯 Palpites (11-20)'!S15)=('⚽ Jogos'!F14-'⚽ Jogos'!H14)),2, IF(SIGN('🎯 Palpites (11-20)'!R15-'🎯 Palpites (11-20)'!S15)=SIGN('⚽ Jogos'!F14-'⚽ Jogos'!H14),1, 0)))) | V15: =IF(OR(NOT(ISNUMBER('⚽ Jogos'!F14)),NOT(ISNUMBER('⚽ Jogos'!H14)),NOT(ISNUMBER('🎯 Palpites (11-20)'!T15)),NOT(ISNUMBER('🎯 Palpites (11-20)'!U15))),"", IF(AND('🎯 Palpites (11-20)'!T15='⚽ Jogos'!F14,'🎯 Palpites (11-20)'!U15='⚽ Jogos'!H14),3, IF(AND(SIGN('🎯 Palpites (11-20)'!T15-'🎯 Palpites (11-20)'!U15)=SIGN('⚽ Jogos'!F14-'⚽ Jogos'!H14),('🎯 Palpites (11-20)'!T15-'🎯 Palpites (11-20)'!U15)=('⚽ Jogos'!F14-'⚽ Jogos'!H14)),2, IF(SIGN('🎯 Palpites (11-20)'!T15-'🎯 Palpites (11-20)'!U15)=SIGN('⚽ Jogos'!F14-'⚽ Jogos'!H14),1, 0)))) | W15: =IF(OR(NOT(ISNUMBER('⚽ Jogos'!F14)),NOT(ISNUMBER('⚽ Jogos'!H14)),NOT(ISNUMBER('🎯 Palpites (11-20)'!V15)),NOT(ISNUMBER('🎯 Palpites (11-20)'!W15))),"", IF(AND('🎯 Palpites (11-20)'!V15='⚽ Jogos'!F14,'🎯 Palpites (11-20)'!W15='⚽ Jogos'!H14),3, IF(AND(SIGN('🎯 Palpites (11-20)'!V15-'🎯 Palpites (11-20)'!W15)=SIGN('⚽ Jogos'!F14-'⚽ Jogos'!H14),('🎯 Palpites (11-20)'!V15-'🎯 Palpites (11-20)'!W15)=('⚽ Jogos'!F14-'⚽ Jogos'!H14)),2, IF(SIGN('🎯 Palpites (11-20)'!V15-'🎯 Palpites (11-20)'!W15)=SIGN('⚽ Jogos'!F14-'⚽ Jogos'!H14),1, 0)))) | X15: =IF(OR(NOT(ISNUMBER('⚽ Jogos'!F14)),NOT(ISNUMBER('⚽ Jogos'!H14)),NOT(ISNUMBER('🎯 Palpites (11-20)'!X15)),NOT(ISNUMBER('🎯 Palpites (11-20)'!Y15))),"", IF(AND('🎯 Palpites (11-20)'!X15='⚽ Jogos'!F14,'🎯 Palpites (11-20)'!Y15='⚽ Jogos'!H14),3, IF(AND(SIGN('🎯 Palpites (11-20)'!X15-'🎯 Palpites (11-20)'!Y15)=SIGN('⚽ Jogos'!F14-'⚽ Jogos'!H14),('🎯 Palpites (11-20)'!X15-'🎯 Palpites (11-20)'!Y15)=('⚽ Jogos'!F14-'⚽ Jogos'!H14)),2, IF(SIGN('🎯 Palpites (11-20)'!X15-'🎯 Palpites (11-20)'!Y15)=SIGN('⚽ Jogos'!F14-'⚽ Jogos'!H14),1, 0))))
B16: 9 | C16: Alemanha | D16: Curaçau | E16: =IF(OR(NOT(ISNUMBER('⚽ Jogos'!F15)),NOT(ISNUMBER('⚽ Jogos'!H15)),NOT(ISNUMBER('🎯 Palpites'!F16)),NOT(ISNUMBER('🎯 Palpites'!G16))),"", IF(AND('🎯 Palpites'!F16='⚽ Jogos'!F15,'🎯 Palpites'!G16='⚽ Jogos'!H15),3, IF(AND(SIGN('🎯 Palpites'!F16-'🎯 Palpites'!G16)=SIGN('⚽ Jogos'!F15-'⚽ Jogos'!H15),('🎯 Palpites'!F16-'🎯 Palpites'!G16)=('⚽ Jogos'!F15-'⚽ Jogos'!H15)),2, IF(SIGN('🎯 Palpites'!F16-'🎯 Palpites'!G16)=SIGN('⚽ Jogos'!F15-'⚽ Jogos'!H15),1, 0)))) | F16: =IF(OR(NOT(ISNUMBER('⚽ Jogos'!F15)),NOT(ISNUMBER('⚽ Jogos'!H15)),NOT(ISNUMBER('🎯 Palpites'!H16)),NOT(ISNUMBER('🎯 Palpites'!I16))),"", IF(AND('🎯 Palpites'!H16='⚽ Jogos'!F15,'🎯 Palpites'!I16='⚽ Jogos'!H15),3, IF(AND(SIGN('🎯 Palpites'!H16-'🎯 Palpites'!I16)=SIGN('⚽ Jogos'!F15-'⚽ Jogos'!H15),('🎯 Palpites'!H16-'🎯 Palpites'!I16)=('⚽ Jogos'!F15-'⚽ Jogos'!H15)),2, IF(SIGN('🎯 Palpites'!H16-'🎯 Palpites'!I16)=SIGN('⚽ Jogos'!F15-'⚽ Jogos'!H15),1, 0)))) | G16: =IF(OR(NOT(ISNUMBER('⚽ Jogos'!F15)),NOT(ISNUMBER('⚽ Jogos'!H15)),NOT(ISNUMBER('🎯 Palpites'!J16)),NOT(ISNUMBER('🎯 Palpites'!K16))),"", IF(AND('🎯 Palpites'!J16='⚽ Jogos'!F15,'🎯 Palpites'!K16='⚽ Jogos'!H15),3, IF(AND(SIGN('🎯 Palpites'!J16-'🎯 Palpites'!K16)=SIGN('⚽ Jogos'!F15-'⚽ Jogos'!H15),('🎯 Palpites'!J16-'🎯 Palpites'!K16)=('⚽ Jogos'!F15-'⚽ Jogos'!H15)),2, IF(SIGN('🎯 Palpites'!J16-'🎯 Palpites'!K16)=SIGN('⚽ Jogos'!F15-'⚽ Jogos'!H15),1, 0)))) | H16: =IF(OR(NOT(ISNUMBER('⚽ Jogos'!F15)),NOT(ISNUMBER('⚽ Jogos'!H15)),NOT(ISNUMBER('🎯 Palpites'!L16)),NOT(ISNUMBER('🎯 Palpites'!M16))),"", IF(AND('🎯 Palpites'!L16='⚽ Jogos'!F15,'🎯 Palpites'!M16='⚽ Jogos'!H15),3, IF(AND(SIGN('🎯 Palpites'!L16-'🎯 Palpites'!M16)=SIGN('⚽ Jogos'!F15-'⚽ Jogos'!H15),('🎯 Palpites'!L16-'🎯 Palpites'!M16)=('⚽ Jogos'!F15-'⚽ Jogos'!H15)),2, IF(SIGN('🎯 Palpites'!L16-'🎯 Palpites'!M16)=SIGN('⚽ Jogos'!F15-'⚽ Jogos'!H15),1, 0)))) | I16: =IF(OR(NOT(ISNUMBER('⚽ Jogos'!F15)),NOT(ISNUMBER('⚽ Jogos'!H15)),NOT(ISNUMBER('🎯 Palpites'!N16)),NOT(ISNUMBER('🎯 Palpites'!O16))),"", IF(AND('🎯 Palpites'!N16='⚽ Jogos'!F15,'🎯 Palpites'!O16='⚽ Jogos'!H15),3, IF(AND(SIGN('🎯 Palpites'!N16-'🎯 Palpites'!O16)=SIGN('⚽ Jogos'!F15-'⚽ Jogos'!H15),('🎯 Palpites'!N16-'🎯 Palpites'!O16)=('⚽ Jogos'!F15-'⚽ Jogos'!H15)),2, IF(SIGN('🎯 Palpites'!N16-'🎯 Palpites'!O16)=SIGN('⚽ Jogos'!F15-'⚽ Jogos'!H15),1, 0)))) | J16: =IF(OR(NOT(ISNUMBER('⚽ Jogos'!F15)),NOT(ISNUMBER('⚽ Jogos'!H15)),NOT(ISNUMBER('🎯 Palpites'!P16)),NOT(ISNUMBER('🎯 Palpites'!Q16))),"", IF(AND('🎯 Palpites'!P16='⚽ Jogos'!F15,'🎯 Palpites'!Q16='⚽ Jogos'!H15),3, IF(AND(SIGN('🎯 Palpites'!P16-'🎯 Palpites'!Q16)=SIGN('⚽ Jogos'!F15-'⚽ Jogos'!H15),('🎯 Palpites'!P16-'🎯 Palpites'!Q16)=('⚽ Jogos'!F15-'⚽ Jogos'!H15)),2, IF(SIGN('🎯 Palpites'!P16-'🎯 Palpites'!Q16)=SIGN('⚽ Jogos'!F15-'⚽ Jogos'!H15),1, 0)))) | K16: =IF(OR(NOT(ISNUMBER('⚽ Jogos'!F15)),NOT(ISNUMBER('⚽ Jogos'!H15)),NOT(ISNUMBER('🎯 Palpites'!R16)),NOT(ISNUMBER('🎯 Palpites'!S16))),"", IF(AND('🎯 Palpites'!R16='⚽ Jogos'!F15,'🎯 Palpites'!S16='⚽ Jogos'!H15),3, IF(AND(SIGN('🎯 Palpites'!R16-'🎯 Palpites'!S16)=SIGN('⚽ Jogos'!F15-'⚽ Jogos'!H15),('🎯 Palpites'!R16-'🎯 Palpites'!S16)=('⚽ Jogos'!F15-'⚽ Jogos'!H15)),2, IF(SIGN('🎯 Palpites'!R16-'🎯 Palpites'!S16)=SIGN('⚽ Jogos'!F15-'⚽ Jogos'!H15),1, 0)))) | L16: =IF(OR(NOT(ISNUMBER('⚽ Jogos'!F15)),NOT(ISNUMBER('⚽ Jogos'!H15)),NOT(ISNUMBER('🎯 Palpites'!T16)),NOT(ISNUMBER('🎯 Palpites'!U16))),"", IF(AND('🎯 Palpites'!T16='⚽ Jogos'!F15,'🎯 Palpites'!U16='⚽ Jogos'!H15),3, IF(AND(SIGN('🎯 Palpites'!T16-'🎯 Palpites'!U16)=SIGN('⚽ Jogos'!F15-'⚽ Jogos'!H15),('🎯 Palpites'!T16-'🎯 Palpites'!U16)=('⚽ Jogos'!F15-'⚽ Jogos'!H15)),2, IF(SIGN('🎯 Palpites'!T16-'🎯 Palpites'!U16)=SIGN('⚽ Jogos'!F15-'⚽ Jogos'!H15),1, 0)))) | M16: =IF(OR(NOT(ISNUMBER('⚽ Jogos'!F15)),NOT(ISNUMBER('⚽ Jogos'!H15)),NOT(ISNUMBER('🎯 Palpites'!V16)),NOT(ISNUMBER('🎯 Palpites'!W16))),"", IF(AND('🎯 Palpites'!V16='⚽ Jogos'!F15,'🎯 Palpites'!W16='⚽ Jogos'!H15),3, IF(AND(SIGN('🎯 Palpites'!V16-'🎯 Palpites'!W16)=SIGN('⚽ Jogos'!F15-'⚽ Jogos'!H15),('🎯 Palpites'!V16-'🎯 Palpites'!W16)=('⚽ Jogos'!F15-'⚽ Jogos'!H15)),2, IF(SIGN('🎯 Palpites'!V16-'🎯 Palpites'!W16)=SIGN('⚽ Jogos'!F15-'⚽ Jogos'!H15),1, 0)))) | N16: =IF(OR(NOT(ISNUMBER('⚽ Jogos'!F15)),NOT(ISNUMBER('⚽ Jogos'!H15)),NOT(ISNUMBER('🎯 Palpites'!X16)),NOT(ISNUMBER('🎯 Palpites'!Y16))),"", IF(AND('🎯 Palpites'!X16='⚽ Jogos'!F15,'🎯 Palpites'!Y16='⚽ Jogos'!H15),3, IF(AND(SIGN('🎯 Palpites'!X16-'🎯 Palpites'!Y16)=SIGN('⚽ Jogos'!F15-'⚽ Jogos'!H15),('🎯 Palpites'!X16-'🎯 Palpites'!Y16)=('⚽ Jogos'!F15-'⚽ Jogos'!H15)),2, IF(SIGN('🎯 Palpites'!X16-'🎯 Palpites'!Y16)=SIGN('⚽ Jogos'!F15-'⚽ Jogos'!H15),1, 0)))) | O16: =IF(OR(NOT(ISNUMBER('⚽ Jogos'!F15)),NOT(ISNUMBER('⚽ Jogos'!H15)),NOT(ISNUMBER('🎯 Palpites (11-20)'!F16)),NOT(ISNUMBER('🎯 Palpites (11-20)'!G16))),"", IF(AND('🎯 Palpites (11-20)'!F16='⚽ Jogos'!F15,'🎯 Palpites (11-20)'!G16='⚽ Jogos'!H15),3, IF(AND(SIGN('🎯 Palpites (11-20)'!F16-'🎯 Palpites (11-20)'!G16)=SIGN('⚽ Jogos'!F15-'⚽ Jogos'!H15),('🎯 Palpites (11-20)'!F16-'🎯 Palpites (11-20)'!G16)=('⚽ Jogos'!F15-'⚽ Jogos'!H15)),2, IF(SIGN('🎯 Palpites (11-20)'!F16-'🎯 Palpites (11-20)'!G16)=SIGN('⚽ Jogos'!F15-'⚽ Jogos'!H15),1, 0)))) | P16: =IF(OR(NOT(ISNUMBER('⚽ Jogos'!F15)),NOT(ISNUMBER('⚽ Jogos'!H15)),NOT(ISNUMBER('🎯 Palpites (11-20)'!H16)),NOT(ISNUMBER('🎯 Palpites (11-20)'!I16))),"", IF(AND('🎯 Palpites (11-20)'!H16='⚽ Jogos'!F15,'🎯 Palpites (11-20)'!I16='⚽ Jogos'!H15),3, IF(AND(SIGN('🎯 Palpites (11-20)'!H16-'🎯 Palpites (11-20)'!I16)=SIGN('⚽ Jogos'!F15-'⚽ Jogos'!H15),('🎯 Palpites (11-20)'!H16-'🎯 Palpites (11-20)'!I16)=('⚽ Jogos'!F15-'⚽ Jogos'!H15)),2, IF(SIGN('🎯 Palpites (11-20)'!H16-'🎯 Palpites (11-20)'!I16)=SIGN('⚽ Jogos'!F15-'⚽ Jogos'!H15),1, 0)))) | Q16: =IF(OR(NOT(ISNUMBER('⚽ Jogos'!F15)),NOT(ISNUMBER('⚽ Jogos'!H15)),NOT(ISNUMBER('🎯 Palpites (11-20)'!J16)),NOT(ISNUMBER('🎯 Palpites (11-20)'!K16))),"", IF(AND('🎯 Palpites (11-20)'!J16='⚽ Jogos'!F15,'🎯 Palpites (11-20)'!K16='⚽ Jogos'!H15),3, IF(AND(SIGN('🎯 Palpites (11-20)'!J16-'🎯 Palpites (11-20)'!K16)=SIGN('⚽ Jogos'!F15-'⚽ Jogos'!H15),('🎯 Palpites (11-20)'!J16-'🎯 Palpites (11-20)'!K16)=('⚽ Jogos'!F15-'⚽ Jogos'!H15)),2, IF(SIGN('🎯 Palpites (11-20)'!J16-'🎯 Palpites (11-20)'!K16)=SIGN('⚽ Jogos'!F15-'⚽ Jogos'!H15),1, 0)))) | R16: =IF(OR(NOT(ISNUMBER('⚽ Jogos'!F15)),NOT(ISNUMBER('⚽ Jogos'!H15)),NOT(ISNUMBER('🎯 Palpites (11-20)'!L16)),NOT(ISNUMBER('🎯 Palpites (11-20)'!M16))),"", IF(AND('🎯 Palpites (11-20)'!L16='⚽ Jogos'!F15,'🎯 Palpites (11-20)'!M16='⚽ Jogos'!H15),3, IF(AND(SIGN('🎯 Palpites (11-20)'!L16-'🎯 Palpites (11-20)'!M16)=SIGN('⚽ Jogos'!F15-'⚽ Jogos'!H15),('🎯 Palpites (11-20)'!L16-'🎯 Palpites (11-20)'!M16)=('⚽ Jogos'!F15-'⚽ Jogos'!H15)),2, IF(SIGN('🎯 Palpites (11-20)'!L16-'🎯 Palpites (11-20)'!M16)=SIGN('⚽ Jogos'!F15-'⚽ Jogos'!H15),1, 0)))) | S16: =IF(OR(NOT(ISNUMBER('⚽ Jogos'!F15)),NOT(ISNUMBER('⚽ Jogos'!H15)),NOT(ISNUMBER('🎯 Palpites (11-20)'!N16)),NOT(ISNUMBER('🎯 Palpites (11-20)'!O16))),"", IF(AND('🎯 Palpites (11-20)'!N16='⚽ Jogos'!F15,'🎯 Palpites (11-20)'!O16='⚽ Jogos'!H15),3, IF(AND(SIGN('🎯 Palpites (11-20)'!N16-'🎯 Palpites (11-20)'!O16)=SIGN('⚽ Jogos'!F15-'⚽ Jogos'!H15),('🎯 Palpites (11-20)'!N16-'🎯 Palpites (11-20)'!O16)=('⚽ Jogos'!F15-'⚽ Jogos'!H15)),2, IF(SIGN('🎯 Palpites (11-20)'!N16-'🎯 Palpites (11-20)'!O16)=SIGN('⚽ Jogos'!F15-'⚽ Jogos'!H15),1, 0)))) | T16: =IF(OR(NOT(ISNUMBER('⚽ Jogos'!F15)),NOT(ISNUMBER('⚽ Jogos'!H15)),NOT(ISNUMBER('🎯 Palpites (11-20)'!P16)),NOT(ISNUMBER('🎯 Palpites (11-20)'!Q16))),"", IF(AND('🎯 Palpites (11-20)'!P16='⚽ Jogos'!F15,'🎯 Palpites (11-20)'!Q16='⚽ Jogos'!H15),3, IF(AND(SIGN('🎯 Palpites (11-20)'!P16-'🎯 Palpites (11-20)'!Q16)=SIGN('⚽ Jogos'!F15-'⚽ Jogos'!H15),('🎯 Palpites (11-20)'!P16-'🎯 Palpites (11-20)'!Q16)=('⚽ Jogos'!F15-'⚽ Jogos'!H15)),2, IF(SIGN('🎯 Palpites (11-20)'!P16-'🎯 Palpites (11-20)'!Q16)=SIGN('⚽ Jogos'!F15-'⚽ Jogos'!H15),1, 0)))) | U16: =IF(OR(NOT(ISNUMBER('⚽ Jogos'!F15)),NOT(ISNUMBER('⚽ Jogos'!H15)),NOT(ISNUMBER('🎯 Palpites (11-20)'!R16)),NOT(ISNUMBER('🎯 Palpites (11-20)'!S16))),"", IF(AND('🎯 Palpites (11-20)'!R16='⚽ Jogos'!F15,'🎯 Palpites (11-20)'!S16='⚽ Jogos'!H15),3, IF(AND(SIGN('🎯 Palpites (11-20)'!R16-'🎯 Palpites (11-20)'!S16)=SIGN('⚽ Jogos'!F15-'⚽ Jogos'!H15),('🎯 Palpites (11-20)'!R16-'🎯 Palpites (11-20)'!S16)=('⚽ Jogos'!F15-'⚽ Jogos'!H15)),2, IF(SIGN('🎯 Palpites (11-20)'!R16-'🎯 Palpites (11-20)'!S16)=SIGN('⚽ Jogos'!F15-'⚽ Jogos'!H15),1, 0)))) | V16: =IF(OR(NOT(ISNUMBER('⚽ Jogos'!F15)),NOT(ISNUMBER('⚽ Jogos'!H15)),NOT(ISNUMBER('🎯 Palpites (11-20)'!T16)),NOT(ISNUMBER('🎯 Palpites (11-20)'!U16))),"", IF(AND('🎯 Palpites (11-20)'!T16='⚽ Jogos'!F15,'🎯 Palpites (11-20)'!U16='⚽ Jogos'!H15),3, IF(AND(SIGN('🎯 Palpites (11-20)'!T16-'🎯 Palpites (11-20)'!U16)=SIGN('⚽ Jogos'!F15-'⚽ Jogos'!H15),('🎯 Palpites (11-20)'!T16-'🎯 Palpites (11-20)'!U16)=('⚽ Jogos'!F15-'⚽ Jogos'!H15)),2, IF(SIGN('🎯 Palpites (11-20)'!T16-'🎯 Palpites (11-20)'!U16)=SIGN('⚽ Jogos'!F15-'⚽ Jogos'!H15),1, 0)))) | W16: =IF(OR(NOT(ISNUMBER('⚽ Jogos'!F15)),NOT(ISNUMBER('⚽ Jogos'!H15)),NOT(ISNUMBER('🎯 Palpites (11-20)'!V16)),NOT(ISNUMBER('🎯 Palpites (11-20)'!W16))),"", IF(AND('🎯 Palpites (11-20)'!V16='⚽ Jogos'!F15,'🎯 Palpites (11-20)'!W16='⚽ Jogos'!H15),3, IF(AND(SIGN('🎯 Palpites (11-20)'!V16-'🎯 Palpites (11-20)'!W16)=SIGN('⚽ Jogos'!F15-'⚽ Jogos'!H15),('🎯 Palpites (11-20)'!V16-'🎯 Palpites (11-20)'!W16)=('⚽ Jogos'!F15-'⚽ Jogos'!H15)),2, IF(SIGN('🎯 Palpites (11-20)'!V16-'🎯 Palpites (11-20)'!W16)=SIGN('⚽ Jogos'!F15-'⚽ Jogos'!H15),1, 0)))) | X16: =IF(OR(NOT(ISNUMBER('⚽ Jogos'!F15)),NOT(ISNUMBER('⚽ Jogos'!H15)),NOT(ISNUMBER('🎯 Palpites (11-20)'!X16)),NOT(ISNUMBER('🎯 Palpites (11-20)'!Y16))),"", IF(AND('🎯 Palpites (11-20)'!X16='⚽ Jogos'!F15,'🎯 Palpites (11-20)'!Y16='⚽ Jogos'!H15),3, IF(AND(SIGN('🎯 Palpites (11-20)'!X16-'🎯 Palpites (11-20)'!Y16)=SIGN('⚽ Jogos'!F15-'⚽ Jogos'!H15),('🎯 Palpites (11-20)'!X16-'🎯 Palpites (11-20)'!Y16)=('⚽ Jogos'!F15-'⚽ Jogos'!H15)),2, IF(SIGN('🎯 Palpites (11-20)'!X16-'🎯 Palpites (11-20)'!Y16)=SIGN('⚽ Jogos'!F15-'⚽ Jogos'!H15),1, 0))))
B17: 10 | C17: Costa do Marfim | D17: Equador | E17: =IF(OR(NOT(ISNUMBER('⚽ Jogos'!F16)),NOT(ISNUMBER('⚽ Jogos'!H16)),NOT(ISNUMBER('🎯 Palpites'!F17)),NOT(ISNUMBER('🎯 Palpites'!G17))),"", IF(AND('🎯 Palpites'!F17='⚽ Jogos'!F16,'🎯 Palpites'!G17='⚽ Jogos'!H16),3, IF(AND(SIGN('🎯 Palpites'!F17-'🎯 Palpites'!G17)=SIGN('⚽ Jogos'!F16-'⚽ Jogos'!H16),('🎯 Palpites'!F17-'🎯 Palpites'!G17)=('⚽ Jogos'!F16-'⚽ Jogos'!H16)),2, IF(SIGN('🎯 Palpites'!F17-'🎯 Palpites'!G17)=SIGN('⚽ Jogos'!F16-'⚽ Jogos'!H16),1, 0)))) | F17: =IF(OR(NOT(ISNUMBER('⚽ Jogos'!F16)),NOT(ISNUMBER('⚽ Jogos'!H16)),NOT(ISNUMBER('🎯 Palpites'!H17)),NOT(ISNUMBER('🎯 Palpites'!I17))),"", IF(AND('🎯 Palpites'!H17='⚽ Jogos'!F16,'🎯 Palpites'!I17='⚽ Jogos'!H16),3, IF(AND(SIGN('🎯 Palpites'!H17-'🎯 Palpites'!I17)=SIGN('⚽ Jogos'!F16-'⚽ Jogos'!H16),('🎯 Palpites'!H17-'🎯 Palpites'!I17)=('⚽ Jogos'!F16-'⚽ Jogos'!H16)),2, IF(SIGN('🎯 Palpites'!H17-'🎯 Palpites'!I17)=SIGN('⚽ Jogos'!F16-'⚽ Jogos'!H16),1, 0)))) | G17: =IF(OR(NOT(ISNUMBER('⚽ Jogos'!F16)),NOT(ISNUMBER('⚽ Jogos'!H16)),NOT(ISNUMBER('🎯 Palpites'!J17)),NOT(ISNUMBER('🎯 Palpites'!K17))),"", IF(AND('🎯 Palpites'!J17='⚽ Jogos'!F16,'🎯 Palpites'!K17='⚽ Jogos'!H16),3, IF(AND(SIGN('🎯 Palpites'!J17-'🎯 Palpites'!K17)=SIGN('⚽ Jogos'!F16-'⚽ Jogos'!H16),('🎯 Palpites'!J17-'🎯 Palpites'!K17)=('⚽ Jogos'!F16-'⚽ Jogos'!H16)),2, IF(SIGN('🎯 Palpites'!J17-'🎯 Palpites'!K17)=SIGN('⚽ Jogos'!F16-'⚽ Jogos'!H16),1, 0)))) | H17: =IF(OR(NOT(ISNUMBER('⚽ Jogos'!F16)),NOT(ISNUMBER('⚽ Jogos'!H16)),NOT(ISNUMBER('🎯 Palpites'!L17)),NOT(ISNUMBER('🎯 Palpites'!M17))),"", IF(AND('🎯 Palpites'!L17='⚽ Jogos'!F16,'🎯 Palpites'!M17='⚽ Jogos'!H16),3, IF(AND(SIGN('🎯 Palpites'!L17-'🎯 Palpites'!M17)=SIGN('⚽ Jogos'!F16-'⚽ Jogos'!H16),('🎯 Palpites'!L17-'🎯 Palpites'!M17)=('⚽ Jogos'!F16-'⚽ Jogos'!H16)),2, IF(SIGN('🎯 Palpites'!L17-'🎯 Palpites'!M17)=SIGN('⚽ Jogos'!F16-'⚽ Jogos'!H16),1, 0)))) | I17: =IF(OR(NOT(ISNUMBER('⚽ Jogos'!F16)),NOT(ISNUMBER('⚽ Jogos'!H16)),NOT(ISNUMBER('🎯 Palpites'!N17)),NOT(ISNUMBER('🎯 Palpites'!O17))),"", IF(AND('🎯 Palpites'!N17='⚽ Jogos'!F16,'🎯 Palpites'!O17='⚽ Jogos'!H16),3, IF(AND(SIGN('🎯 Palpites'!N17-'🎯 Palpites'!O17)=SIGN('⚽ Jogos'!F16-'⚽ Jogos'!H16),('🎯 Palpites'!N17-'🎯 Palpites'!O17)=('⚽ Jogos'!F16-'⚽ Jogos'!H16)),2, IF(SIGN('🎯 Palpites'!N17-'🎯 Palpites'!O17)=SIGN('⚽ Jogos'!F16-'⚽ Jogos'!H16),1, 0)))) | J17: =IF(OR(NOT(ISNUMBER('⚽ Jogos'!F16)),NOT(ISNUMBER('⚽ Jogos'!H16)),NOT(ISNUMBER('🎯 Palpites'!P17)),NOT(ISNUMBER('🎯 Palpites'!Q17))),"", IF(AND('🎯 Palpites'!P17='⚽ Jogos'!F16,'🎯 Palpites'!Q17='⚽ Jogos'!H16),3, IF(AND(SIGN('🎯 Palpites'!P17-'🎯 Palpites'!Q17)=SIGN('⚽ Jogos'!F16-'⚽ Jogos'!H16),('🎯 Palpites'!P17-'🎯 Palpites'!Q17)=('⚽ Jogos'!F16-'⚽ Jogos'!H16)),2, IF(SIGN('🎯 Palpites'!P17-'🎯 Palpites'!Q17)=SIGN('⚽ Jogos'!F16-'⚽ Jogos'!H16),1, 0)))) | K17: =IF(OR(NOT(ISNUMBER('⚽ Jogos'!F16)),NOT(ISNUMBER('⚽ Jogos'!H16)),NOT(ISNUMBER('🎯 Palpites'!R17)),NOT(ISNUMBER('🎯 Palpites'!S17))),"", IF(AND('🎯 Palpites'!R17='⚽ Jogos'!F16,'🎯 Palpites'!S17='⚽ Jogos'!H16),3, IF(AND(SIGN('🎯 Palpites'!R17-'🎯 Palpites'!S17)=SIGN('⚽ Jogos'!F16-'⚽ Jogos'!H16),('🎯 Palpites'!R17-'🎯 Palpites'!S17)=('⚽ Jogos'!F16-'⚽ Jogos'!H16)),2, IF(SIGN('🎯 Palpites'!R17-'🎯 Palpites'!S17)=SIGN('⚽ Jogos'!F16-'⚽ Jogos'!H16),1, 0)))) | L17: =IF(OR(NOT(ISNUMBER('⚽ Jogos'!F16)),NOT(ISNUMBER('⚽ Jogos'!H16)),NOT(ISNUMBER('🎯 Palpites'!T17)),NOT(ISNUMBER('🎯 Palpites'!U17))),"", IF(AND('🎯 Palpites'!T17='⚽ Jogos'!F16,'🎯 Palpites'!U17='⚽ Jogos'!H16),3, IF(AND(SIGN('🎯 Palpites'!T17-'🎯 Palpites'!U17)=SIGN('⚽ Jogos'!F16-'⚽ Jogos'!H16),('🎯 Palpites'!T17-'🎯 Palpites'!U17)=('⚽ Jogos'!F16-'⚽ Jogos'!H16)),2, IF(SIGN('🎯 Palpites'!T17-'🎯 Palpites'!U17)=SIGN('⚽ Jogos'!F16-'⚽ Jogos'!H16),1, 0)))) | M17: =IF(OR(NOT(ISNUMBER('⚽ Jogos'!F16)),NOT(ISNUMBER('⚽ Jogos'!H16)),NOT(ISNUMBER('🎯 Palpites'!V17)),NOT(ISNUMBER('🎯 Palpites'!W17))),"", IF(AND('🎯 Palpites'!V17='⚽ Jogos'!F16,'🎯 Palpites'!W17='⚽ Jogos'!H16),3, IF(AND(SIGN('🎯 Palpites'!V17-'🎯 Palpites'!W17)=SIGN('⚽ Jogos'!F16-'⚽ Jogos'!H16),('🎯 Palpites'!V17-'🎯 Palpites'!W17)=('⚽ Jogos'!F16-'⚽ Jogos'!H16)),2, IF(SIGN('🎯 Palpites'!V17-'🎯 Palpites'!W17)=SIGN('⚽ Jogos'!F16-'⚽ Jogos'!H16),1, 0)))) | N17: =IF(OR(NOT(ISNUMBER('⚽ Jogos'!F16)),NOT(ISNUMBER('⚽ Jogos'!H16)),NOT(ISNUMBER('🎯 Palpites'!X17)),NOT(ISNUMBER('🎯 Palpites'!Y17))),"", IF(AND('🎯 Palpites'!X17='⚽ Jogos'!F16,'🎯 Palpites'!Y17='⚽ Jogos'!H16),3, IF(AND(SIGN('🎯 Palpites'!X17-'🎯 Palpites'!Y17)=SIGN('⚽ Jogos'!F16-'⚽ Jogos'!H16),('🎯 Palpites'!X17-'🎯 Palpites'!Y17)=('⚽ Jogos'!F16-'⚽ Jogos'!H16)),2, IF(SIGN('🎯 Palpites'!X17-'🎯 Palpites'!Y17)=SIGN('⚽ Jogos'!F16-'⚽ Jogos'!H16),1, 0)))) | O17: =IF(OR(NOT(ISNUMBER('⚽ Jogos'!F16)),NOT(ISNUMBER('⚽ Jogos'!H16)),NOT(ISNUMBER('🎯 Palpites (11-20)'!F17)),NOT(ISNUMBER('🎯 Palpites (11-20)'!G17))),"", IF(AND('🎯 Palpites (11-20)'!F17='⚽ Jogos'!F16,'🎯 Palpites (11-20)'!G17='⚽ Jogos'!H16),3, IF(AND(SIGN('🎯 Palpites (11-20)'!F17-'🎯 Palpites (11-20)'!G17)=SIGN('⚽ Jogos'!F16-'⚽ Jogos'!H16),('🎯 Palpites (11-20)'!F17-'🎯 Palpites (11-20)'!G17)=('⚽ Jogos'!F16-'⚽ Jogos'!H16)),2, IF(SIGN('🎯 Palpites (11-20)'!F17-'🎯 Palpites (11-20)'!G17)=SIGN('⚽ Jogos'!F16-'⚽ Jogos'!H16),1, 0)))) | P17: =IF(OR(NOT(ISNUMBER('⚽ Jogos'!F16)),NOT(ISNUMBER('⚽ Jogos'!H16)),NOT(ISNUMBER('🎯 Palpites (11-20)'!H17)),NOT(ISNUMBER('🎯 Palpites (11-20)'!I17))),"", IF(AND('🎯 Palpites (11-20)'!H17='⚽ Jogos'!F16,'🎯 Palpites (11-20)'!I17='⚽ Jogos'!H16),3, IF(AND(SIGN('🎯 Palpites (11-20)'!H17-'🎯 Palpites (11-20)'!I17)=SIGN('⚽ Jogos'!F16-'⚽ Jogos'!H16),('🎯 Palpites (11-20)'!H17-'🎯 Palpites (11-20)'!I17)=('⚽ Jogos'!F16-'⚽ Jogos'!H16)),2, IF(SIGN('🎯 Palpites (11-20)'!H17-'🎯 Palpites (11-20)'!I17)=SIGN('⚽ Jogos'!F16-'⚽ Jogos'!H16),1, 0)))) | Q17: =IF(OR(NOT(ISNUMBER('⚽ Jogos'!F16)),NOT(ISNUMBER('⚽ Jogos'!H16)),NOT(ISNUMBER('🎯 Palpites (11-20)'!J17)),NOT(ISNUMBER('🎯 Palpites (11-20)'!K17))),"", IF(AND('🎯 Palpites (11-20)'!J17='⚽ Jogos'!F16,'🎯 Palpites (11-20)'!K17='⚽ Jogos'!H16),3, IF(AND(SIGN('🎯 Palpites (11-20)'!J17-'🎯 Palpites (11-20)'!K17)=SIGN('⚽ Jogos'!F16-'⚽ Jogos'!H16),('🎯 Palpites (11-20)'!J17-'🎯 Palpites (11-20)'!K17)=('⚽ Jogos'!F16-'⚽ Jogos'!H16)),2, IF(SIGN('🎯 Palpites (11-20)'!J17-'🎯 Palpites (11-20)'!K17)=SIGN('⚽ Jogos'!F16-'⚽ Jogos'!H16),1, 0)))) | R17: =IF(OR(NOT(ISNUMBER('⚽ Jogos'!F16)),NOT(ISNUMBER('⚽ Jogos'!H16)),NOT(ISNUMBER('🎯 Palpites (11-20)'!L17)),NOT(ISNUMBER('🎯 Palpites (11-20)'!M17))),"", IF(AND('🎯 Palpites (11-20)'!L17='⚽ Jogos'!F16,'🎯 Palpites (11-20)'!M17='⚽ Jogos'!H16),3, IF(AND(SIGN('🎯 Palpites (11-20)'!L17-'🎯 Palpites (11-20)'!M17)=SIGN('⚽ Jogos'!F16-'⚽ Jogos'!H16),('🎯 Palpites (11-20)'!L17-'🎯 Palpites (11-20)'!M17)=('⚽ Jogos'!F16-'⚽ Jogos'!H16)),2, IF(SIGN('🎯 Palpites (11-20)'!L17-'🎯 Palpites (11-20)'!M17)=SIGN('⚽ Jogos'!F16-'⚽ Jogos'!H16),1, 0)))) | S17: =IF(OR(NOT(ISNUMBER('⚽ Jogos'!F16)),NOT(ISNUMBER('⚽ Jogos'!H16)),NOT(ISNUMBER('🎯 Palpites (11-20)'!N17)),NOT(ISNUMBER('🎯 Palpites (11-20)'!O17))),"", IF(AND('🎯 Palpites (11-20)'!N17='⚽ Jogos'!F16,'🎯 Palpites (11-20)'!O17='⚽ Jogos'!H16),3, IF(AND(SIGN('🎯 Palpites (11-20)'!N17-'🎯 Palpites (11-20)'!O17)=SIGN('⚽ Jogos'!F16-'⚽ Jogos'!H16),('🎯 Palpites (11-20)'!N17-'🎯 Palpites (11-20)'!O17)=('⚽ Jogos'!F16-'⚽ Jogos'!H16)),2, IF(SIGN('🎯 Palpites (11-20)'!N17-'🎯 Palpites (11-20)'!O17)=SIGN('⚽ Jogos'!F16-'⚽ Jogos'!H16),1, 0)))) | T17: =IF(OR(NOT(ISNUMBER('⚽ Jogos'!F16)),NOT(ISNUMBER('⚽ Jogos'!H16)),NOT(ISNUMBER('🎯 Palpites (11-20)'!P17)),NOT(ISNUMBER('🎯 Palpites (11-20)'!Q17))),"", IF(AND('🎯 Palpites (11-20)'!P17='⚽ Jogos'!F16,'🎯 Palpites (11-20)'!Q17='⚽ Jogos'!H16),3, IF(AND(SIGN('🎯 Palpites (11-20)'!P17-'🎯 Palpites (11-20)'!Q17)=SIGN('⚽ Jogos'!F16-'⚽ Jogos'!H16),('🎯 Palpites (11-20)'!P17-'🎯 Palpites (11-20)'!Q17)=('⚽ Jogos'!F16-'⚽ Jogos'!H16)),2, IF(SIGN('🎯 Palpites (11-20)'!P17-'🎯 Palpites (11-20)'!Q17)=SIGN('⚽ Jogos'!F16-'⚽ Jogos'!H16),1, 0)))) | U17: =IF(OR(NOT(ISNUMBER('⚽ Jogos'!F16)),NOT(ISNUMBER('⚽ Jogos'!H16)),NOT(ISNUMBER('🎯 Palpites (11-20)'!R17)),NOT(ISNUMBER('🎯 Palpites (11-20)'!S17))),"", IF(AND('🎯 Palpites (11-20)'!R17='⚽ Jogos'!F16,'🎯 Palpites (11-20)'!S17='⚽ Jogos'!H16),3, IF(AND(SIGN('🎯 Palpites (11-20)'!R17-'🎯 Palpites (11-20)'!S17)=SIGN('⚽ Jogos'!F16-'⚽ Jogos'!H16),('🎯 Palpites (11-20)'!R17-'🎯 Palpites (11-20)'!S17)=('⚽ Jogos'!F16-'⚽ Jogos'!H16)),2, IF(SIGN('🎯 Palpites (11-20)'!R17-'🎯 Palpites (11-20)'!S17)=SIGN('⚽ Jogos'!F16-'⚽ Jogos'!H16),1, 0)))) | V17: =IF(OR(NOT(ISNUMBER('⚽ Jogos'!F16)),NOT(ISNUMBER('⚽ Jogos'!H16)),NOT(ISNUMBER('🎯 Palpites (11-20)'!T17)),NOT(ISNUMBER('🎯 Palpites (11-20)'!U17))),"", IF(AND('🎯 Palpites (11-20)'!T17='⚽ Jogos'!F16,'🎯 Palpites (11-20)'!U17='⚽ Jogos'!H16),3, IF(AND(SIGN('🎯 Palpites (11-20)'!T17-'🎯 Palpites (11-20)'!U17)=SIGN('⚽ Jogos'!F16-'⚽ Jogos'!H16),('🎯 Palpites (11-20)'!T17-'🎯 Palpites (11-20)'!U17)=('⚽ Jogos'!F16-'⚽ Jogos'!H16)),2, IF(SIGN('🎯 Palpites (11-20)'!T17-'🎯 Palpites (11-20)'!U17)=SIGN('⚽ Jogos'!F16-'⚽ Jogos'!H16),1, 0)))) | W17: =IF(OR(NOT(ISNUMBER('⚽ Jogos'!F16)),NOT(ISNUMBER('⚽ Jogos'!H16)),NOT(ISNUMBER('🎯 Palpites (11-20)'!V17)),NOT(ISNUMBER('🎯 Palpites (11-20)'!W17))),"", IF(AND('🎯 Palpites (11-20)'!V17='⚽ Jogos'!F16,'🎯 Palpites (11-20)'!W17='⚽ Jogos'!H16),3, IF(AND(SIGN('🎯 Palpites (11-20)'!V17-'🎯 Palpites (11-20)'!W17)=SIGN('⚽ Jogos'!F16-'⚽ Jogos'!H16),('🎯 Palpites (11-20)'!V17-'🎯 Palpites (11-20)'!W17)=('⚽ Jogos'!F16-'⚽ Jogos'!H16)),2, IF(SIGN('🎯 Palpites (11-20)'!V17-'🎯 Palpites (11-20)'!W17)=SIGN('⚽ Jogos'!F16-'⚽ Jogos'!H16),1, 0)))) | X17: =IF(OR(NOT(ISNUMBER('⚽ Jogos'!F16)),NOT(ISNUMBER('⚽ Jogos'!H16)),NOT(ISNUMBER('🎯 Palpites (11-20)'!X17)),NOT(ISNUMBER('🎯 Palpites (11-20)'!Y17))),"", IF(AND('🎯 Palpites (11-20)'!X17='⚽ Jogos'!F16,'🎯 Palpites (11-20)'!Y17='⚽ Jogos'!H16),3, IF(AND(SIGN('🎯 Palpites (11-20)'!X17-'🎯 Palpites (11-20)'!Y17)=SIGN('⚽ Jogos'!F16-'⚽ Jogos'!H16),('🎯 Palpites (11-20)'!X17-'🎯 Palpites (11-20)'!Y17)=('⚽ Jogos'!F16-'⚽ Jogos'!H16)),2, IF(SIGN('🎯 Palpites (11-20)'!X17-'🎯 Palpites (11-20)'!Y17)=SIGN('⚽ Jogos'!F16-'⚽ Jogos'!H16),1, 0))))
B18: 11 | C18: Holanda | D18: Japão | E18: =IF(OR(NOT(ISNUMBER('⚽ Jogos'!F17)),NOT(ISNUMBER('⚽ Jogos'!H17)),NOT(ISNUMBER('🎯 Palpites'!F18)),NOT(ISNUMBER('🎯 Palpites'!G18))),"", IF(AND('🎯 Palpites'!F18='⚽ Jogos'!F17,'🎯 Palpites'!G18='⚽ Jogos'!H17),3, IF(AND(SIGN('🎯 Palpites'!F18-'🎯 Palpites'!G18)=SIGN('⚽ Jogos'!F17-'⚽ Jogos'!H17),('🎯 Palpites'!F18-'🎯 Palpites'!G18)=('⚽ Jogos'!F17-'⚽ Jogos'!H17)),2, IF(SIGN('🎯 Palpites'!F18-'🎯 Palpites'!G18)=SIGN('⚽ Jogos'!F17-'⚽ Jogos'!H17),1, 0)))) | F18: =IF(OR(NOT(ISNUMBER('⚽ Jogos'!F17)),NOT(ISNUMBER('⚽ Jogos'!H17)),NOT(ISNUMBER('🎯 Palpites'!H18)),NOT(ISNUMBER('🎯 Palpites'!I18))),"", IF(AND('🎯 Palpites'!H18='⚽ Jogos'!F17,'🎯 Palpites'!I18='⚽ Jogos'!H17),3, IF(AND(SIGN('🎯 Palpites'!H18-'🎯 Palpites'!I18)=SIGN('⚽ Jogos'!F17-'⚽ Jogos'!H17),('🎯 Palpites'!H18-'🎯 Palpites'!I18)=('⚽ Jogos'!F17-'⚽ Jogos'!H17)),2, IF(SIGN('🎯 Palpites'!H18-'🎯 Palpites'!I18)=SIGN('⚽ Jogos'!F17-'⚽ Jogos'!H17),1, 0)))) | G18: =IF(OR(NOT(ISNUMBER('⚽ Jogos'!F17)),NOT(ISNUMBER('⚽ Jogos'!H17)),NOT(ISNUMBER('🎯 Palpites'!J18)),NOT(ISNUMBER('🎯 Palpites'!K18))),"", IF(AND('🎯 Palpites'!J18='⚽ Jogos'!F17,'🎯 Palpites'!K18='⚽ Jogos'!H17),3, IF(AND(SIGN('🎯 Palpites'!J18-'🎯 Palpites'!K18)=SIGN('⚽ Jogos'!F17-'⚽ Jogos'!H17),('🎯 Palpites'!J18-'🎯 Palpites'!K18)=('⚽ Jogos'!F17-'⚽ Jogos'!H17)),2, IF(SIGN('🎯 Palpites'!J18-'🎯 Palpites'!K18)=SIGN('⚽ Jogos'!F17-'⚽ Jogos'!H17),1, 0)))) | H18: =IF(OR(NOT(ISNUMBER('⚽ Jogos'!F17)),NOT(ISNUMBER('⚽ Jogos'!H17)),NOT(ISNUMBER('🎯 Palpites'!L18)),NOT(ISNUMBER('🎯 Palpites'!M18))),"", IF(AND('🎯 Palpites'!L18='⚽ Jogos'!F17,'🎯 Palpites'!M18='⚽ Jogos'!H17),3, IF(AND(SIGN('🎯 Palpites'!L18-'🎯 Palpites'!M18)=SIGN('⚽ Jogos'!F17-'⚽ Jogos'!H17),('🎯 Palpites'!L18-'🎯 Palpites'!M18)=('⚽ Jogos'!F17-'⚽ Jogos'!H17)),2, IF(SIGN('🎯 Palpites'!L18-'🎯 Palpites'!M18)=SIGN('⚽ Jogos'!F17-'⚽ Jogos'!H17),1, 0)))) | I18: =IF(OR(NOT(ISNUMBER('⚽ Jogos'!F17)),NOT(ISNUMBER('⚽ Jogos'!H17)),NOT(ISNUMBER('🎯 Palpites'!N18)),NOT(ISNUMBER('🎯 Palpites'!O18))),"", IF(AND('🎯 Palpites'!N18='⚽ Jogos'!F17,'🎯 Palpites'!O18='⚽ Jogos'!H17),3, IF(AND(SIGN('🎯 Palpites'!N18-'🎯 Palpites'!O18)=SIGN('⚽ Jogos'!F17-'⚽ Jogos'!H17),('🎯 Palpites'!N18-'🎯 Palpites'!O18)=('⚽ Jogos'!F17-'⚽ Jogos'!H17)),2, IF(SIGN('🎯 Palpites'!N18-'🎯 Palpites'!O18)=SIGN('⚽ Jogos'!F17-'⚽ Jogos'!H17),1, 0)))) | J18: =IF(OR(NOT(ISNUMBER('⚽ Jogos'!F17)),NOT(ISNUMBER('⚽ Jogos'!H17)),NOT(ISNUMBER('🎯 Palpites'!P18)),NOT(ISNUMBER('🎯 Palpites'!Q18))),"", IF(AND('🎯 Palpites'!P18='⚽ Jogos'!F17,'🎯 Palpites'!Q18='⚽ Jogos'!H17),3, IF(AND(SIGN('🎯 Palpites'!P18-'🎯 Palpites'!Q18)=SIGN('⚽ Jogos'!F17-'⚽ Jogos'!H17),('🎯 Palpites'!P18-'🎯 Palpites'!Q18)=('⚽ Jogos'!F17-'⚽ Jogos'!H17)),2, IF(SIGN('🎯 Palpites'!P18-'🎯 Palpites'!Q18)=SIGN('⚽ Jogos'!F17-'⚽ Jogos'!H17),1, 0)))) | K18: =IF(OR(NOT(ISNUMBER('⚽ Jogos'!F17)),NOT(ISNUMBER('⚽ Jogos'!H17)),NOT(ISNUMBER('🎯 Palpites'!R18)),NOT(ISNUMBER('🎯 Palpites'!S18))),"", IF(AND('🎯 Palpites'!R18='⚽ Jogos'!F17,'🎯 Palpites'!S18='⚽ Jogos'!H17),3, IF(AND(SIGN('🎯 Palpites'!R18-'🎯 Palpites'!S18)=SIGN('⚽ Jogos'!F17-'⚽ Jogos'!H17),('🎯 Palpites'!R18-'🎯 Palpites'!S18)=('⚽ Jogos'!F17-'⚽ Jogos'!H17)),2, IF(SIGN('🎯 Palpites'!R18-'🎯 Palpites'!S18)=SIGN('⚽ Jogos'!F17-'⚽ Jogos'!H17),1, 0)))) | L18: =IF(OR(NOT(ISNUMBER('⚽ Jogos'!F17)),NOT(ISNUMBER('⚽ Jogos'!H17)),NOT(ISNUMBER('🎯 Palpites'!T18)),NOT(ISNUMBER('🎯 Palpites'!U18))),"", IF(AND('🎯 Palpites'!T18='⚽ Jogos'!F17,'🎯 Palpites'!U18='⚽ Jogos'!H17),3, IF(AND(SIGN('🎯 Palpites'!T18-'🎯 Palpites'!U18)=SIGN('⚽ Jogos'!F17-'⚽ Jogos'!H17),('🎯 Palpites'!T18-'🎯 Palpites'!U18)=('⚽ Jogos'!F17-'⚽ Jogos'!H17)),2, IF(SIGN('🎯 Palpites'!T18-'🎯 Palpites'!U18)=SIGN('⚽ Jogos'!F17-'⚽ Jogos'!H17),1, 0)))) | M18: =IF(OR(NOT(ISNUMBER('⚽ Jogos'!F17)),NOT(ISNUMBER('⚽ Jogos'!H17)),NOT(ISNUMBER('🎯 Palpites'!V18)),NOT(ISNUMBER('🎯 Palpites'!W18))),"", IF(AND('🎯 Palpites'!V18='⚽ Jogos'!F17,'🎯 Palpites'!W18='⚽ Jogos'!H17),3, IF(AND(SIGN('🎯 Palpites'!V18-'🎯 Palpites'!W18)=SIGN('⚽ Jogos'!F17-'⚽ Jogos'!H17),('🎯 Palpites'!V18-'🎯 Palpites'!W18)=('⚽ Jogos'!F17-'⚽ Jogos'!H17)),2, IF(SIGN('🎯 Palpites'!V18-'🎯 Palpites'!W18)=SIGN('⚽ Jogos'!F17-'⚽ Jogos'!H17),1, 0)))) | N18: =IF(OR(NOT(ISNUMBER('⚽ Jogos'!F17)),NOT(ISNUMBER('⚽ Jogos'!H17)),NOT(ISNUMBER('🎯 Palpites'!X18)),NOT(ISNUMBER('🎯 Palpites'!Y18))),"", IF(AND('🎯 Palpites'!X18='⚽ Jogos'!F17,'🎯 Palpites'!Y18='⚽ Jogos'!H17),3, IF(AND(SIGN('🎯 Palpites'!X18-'🎯 Palpites'!Y18)=SIGN('⚽ Jogos'!F17-'⚽ Jogos'!H17),('🎯 Palpites'!X18-'🎯 Palpites'!Y18)=('⚽ Jogos'!F17-'⚽ Jogos'!H17)),2, IF(SIGN('🎯 Palpites'!X18-'🎯 Palpites'!Y18)=SIGN('⚽ Jogos'!F17-'⚽ Jogos'!H17),1, 0)))) | O18: =IF(OR(NOT(ISNUMBER('⚽ Jogos'!F17)),NOT(ISNUMBER('⚽ Jogos'!H17)),NOT(ISNUMBER('🎯 Palpites (11-20)'!F18)),NOT(ISNUMBER('🎯 Palpites (11-20)'!G18))),"", IF(AND('🎯 Palpites (11-20)'!F18='⚽ Jogos'!F17,'🎯 Palpites (11-20)'!G18='⚽ Jogos'!H17),3, IF(AND(SIGN('🎯 Palpites (11-20)'!F18-'🎯 Palpites (11-20)'!G18)=SIGN('⚽ Jogos'!F17-'⚽ Jogos'!H17),('🎯 Palpites (11-20)'!F18-'🎯 Palpites (11-20)'!G18)=('⚽ Jogos'!F17-'⚽ Jogos'!H17)),2, IF(SIGN('🎯 Palpites (11-20)'!F18-'🎯 Palpites (11-20)'!G18)=SIGN('⚽ Jogos'!F17-'⚽ Jogos'!H17),1, 0)))) | P18: =IF(OR(NOT(ISNUMBER('⚽ Jogos'!F17)),NOT(ISNUMBER('⚽ Jogos'!H17)),NOT(ISNUMBER('🎯 Palpites (11-20)'!H18)),NOT(ISNUMBER('🎯 Palpites (11-20)'!I18))),"", IF(AND('🎯 Palpites (11-20)'!H18='⚽ Jogos'!F17,'🎯 Palpites (11-20)'!I18='⚽ Jogos'!H17),3, IF(AND(SIGN('🎯 Palpites (11-20)'!H18-'🎯 Palpites (11-20)'!I18)=SIGN('⚽ Jogos'!F17-'⚽ Jogos'!H17),('🎯 Palpites (11-20)'!H18-'🎯 Palpites (11-20)'!I18)=('⚽ Jogos'!F17-'⚽ Jogos'!H17)),2, IF(SIGN('🎯 Palpites (11-20)'!H18-'🎯 Palpites (11-20)'!I18)=SIGN('⚽ Jogos'!F17-'⚽ Jogos'!H17),1, 0)))) | Q18: =IF(OR(NOT(ISNUMBER('⚽ Jogos'!F17)),NOT(ISNUMBER('⚽ Jogos'!H17)),NOT(ISNUMBER('🎯 Palpites (11-20)'!J18)),NOT(ISNUMBER('🎯 Palpites (11-20)'!K18))),"", IF(AND('🎯 Palpites (11-20)'!J18='⚽ Jogos'!F17,'🎯 Palpites (11-20)'!K18='⚽ Jogos'!H17),3, IF(AND(SIGN('🎯 Palpites (11-20)'!J18-'🎯 Palpites (11-20)'!K18)=SIGN('⚽ Jogos'!F17-'⚽ Jogos'!H17),('🎯 Palpites (11-20)'!J18-'🎯 Palpites (11-20)'!K18)=('⚽ Jogos'!F17-'⚽ Jogos'!H17)),2, IF(SIGN('🎯 Palpites (11-20)'!J18-'🎯 Palpites (11-20)'!K18)=SIGN('⚽ Jogos'!F17-'⚽ Jogos'!H17),1, 0)))) | R18: =IF(OR(NOT(ISNUMBER('⚽ Jogos'!F17)),NOT(ISNUMBER('⚽ Jogos'!H17)),NOT(ISNUMBER('🎯 Palpites (11-20)'!L18)),NOT(ISNUMBER('🎯 Palpites (11-20)'!M18))),"", IF(AND('🎯 Palpites (11-20)'!L18='⚽ Jogos'!F17,'🎯 Palpites (11-20)'!M18='⚽ Jogos'!H17),3, IF(AND(SIGN('🎯 Palpites (11-20)'!L18-'🎯 Palpites (11-20)'!M18)=SIGN('⚽ Jogos'!F17-'⚽ Jogos'!H17),('🎯 Palpites (11-20)'!L18-'🎯 Palpites (11-20)'!M18)=('⚽ Jogos'!F17-'⚽ Jogos'!H17)),2, IF(SIGN('🎯 Palpites (11-20)'!L18-'🎯 Palpites (11-20)'!M18)=SIGN('⚽ Jogos'!F17-'⚽ Jogos'!H17),1, 0)))) | S18: =IF(OR(NOT(ISNUMBER('⚽ Jogos'!F17)),NOT(ISNUMBER('⚽ Jogos'!H17)),NOT(ISNUMBER('🎯 Palpites (11-20)'!N18)),NOT(ISNUMBER('🎯 Palpites (11-20)'!O18))),"", IF(AND('🎯 Palpites (11-20)'!N18='⚽ Jogos'!F17,'🎯 Palpites (11-20)'!O18='⚽ Jogos'!H17),3, IF(AND(SIGN('🎯 Palpites (11-20)'!N18-'🎯 Palpites (11-20)'!O18)=SIGN('⚽ Jogos'!F17-'⚽ Jogos'!H17),('🎯 Palpites (11-20)'!N18-'🎯 Palpites (11-20)'!O18)=('⚽ Jogos'!F17-'⚽ Jogos'!H17)),2, IF(SIGN('🎯 Palpites (11-20)'!N18-'🎯 Palpites (11-20)'!O18)=SIGN('⚽ Jogos'!F17-'⚽ Jogos'!H17),1, 0)))) | T18: =IF(OR(NOT(ISNUMBER('⚽ Jogos'!F17)),NOT(ISNUMBER('⚽ Jogos'!H17)),NOT(ISNUMBER('🎯 Palpites (11-20)'!P18)),NOT(ISNUMBER('🎯 Palpites (11-20)'!Q18))),"", IF(AND('🎯 Palpites (11-20)'!P18='⚽ Jogos'!F17,'🎯 Palpites (11-20)'!Q18='⚽ Jogos'!H17),3, IF(AND(SIGN('🎯 Palpites (11-20)'!P18-'🎯 Palpites (11-20)'!Q18)=SIGN('⚽ Jogos'!F17-'⚽ Jogos'!H17),('🎯 Palpites (11-20)'!P18-'🎯 Palpites (11-20)'!Q18)=('⚽ Jogos'!F17-'⚽ Jogos'!H17)),2, IF(SIGN('🎯 Palpites (11-20)'!P18-'🎯 Palpites (11-20)'!Q18)=SIGN('⚽ Jogos'!F17-'⚽ Jogos'!H17),1, 0)))) | U18: =IF(OR(NOT(ISNUMBER('⚽ Jogos'!F17)),NOT(ISNUMBER('⚽ Jogos'!H17)),NOT(ISNUMBER('🎯 Palpites (11-20)'!R18)),NOT(ISNUMBER('🎯 Palpites (11-20)'!S18))),"", IF(AND('🎯 Palpites (11-20)'!R18='⚽ Jogos'!F17,'🎯 Palpites (11-20)'!S18='⚽ Jogos'!H17),3, IF(AND(SIGN('🎯 Palpites (11-20)'!R18-'🎯 Palpites (11-20)'!S18)=SIGN('⚽ Jogos'!F17-'⚽ Jogos'!H17),('🎯 Palpites (11-20)'!R18-'🎯 Palpites (11-20)'!S18)=('⚽ Jogos'!F17-'⚽ Jogos'!H17)),2, IF(SIGN('🎯 Palpites (11-20)'!R18-'🎯 Palpites (11-20)'!S18)=SIGN('⚽ Jogos'!F17-'⚽ Jogos'!H17),1, 0)))) | V18: =IF(OR(NOT(ISNUMBER('⚽ Jogos'!F17)),NOT(ISNUMBER('⚽ Jogos'!H17)),NOT(ISNUMBER('🎯 Palpites (11-20)'!T18)),NOT(ISNUMBER('🎯 Palpites (11-20)'!U18))),"", IF(AND('🎯 Palpites (11-20)'!T18='⚽ Jogos'!F17,'🎯 Palpites (11-20)'!U18='⚽ Jogos'!H17),3, IF(AND(SIGN('🎯 Palpites (11-20)'!T18-'🎯 Palpites (11-20)'!U18)=SIGN('⚽ Jogos'!F17-'⚽ Jogos'!H17),('🎯 Palpites (11-20)'!T18-'🎯 Palpites (11-20)'!U18)=('⚽ Jogos'!F17-'⚽ Jogos'!H17)),2, IF(SIGN('🎯 Palpites (11-20)'!T18-'🎯 Palpites (11-20)'!U18)=SIGN('⚽ Jogos'!F17-'⚽ Jogos'!H17),1, 0)))) | W18: =IF(OR(NOT(ISNUMBER('⚽ Jogos'!F17)),NOT(ISNUMBER('⚽ Jogos'!H17)),NOT(ISNUMBER('🎯 Palpites (11-20)'!V18)),NOT(ISNUMBER('🎯 Palpites (11-20)'!W18))),"", IF(AND('🎯 Palpites (11-20)'!V18='⚽ Jogos'!F17,'🎯 Palpites (11-20)'!W18='⚽ Jogos'!H17),3, IF(AND(SIGN('🎯 Palpites (11-20)'!V18-'🎯 Palpites (11-20)'!W18)=SIGN('⚽ Jogos'!F17-'⚽ Jogos'!H17),('🎯 Palpites (11-20)'!V18-'🎯 Palpites (11-20)'!W18)=('⚽ Jogos'!F17-'⚽ Jogos'!H17)),2, IF(SIGN('🎯 Palpites (11-20)'!V18-'🎯 Palpites (11-20)'!W18)=SIGN('⚽ Jogos'!F17-'⚽ Jogos'!H17),1, 0)))) | X18: =IF(OR(NOT(ISNUMBER('⚽ Jogos'!F17)),NOT(ISNUMBER('⚽ Jogos'!H17)),NOT(ISNUMBER('🎯 Palpites (11-20)'!X18)),NOT(ISNUMBER('🎯 Palpites (11-20)'!Y18))),"", IF(AND('🎯 Palpites (11-20)'!X18='⚽ Jogos'!F17,'🎯 Palpites (11-20)'!Y18='⚽ Jogos'!H17),3, IF(AND(SIGN('🎯 Palpites (11-20)'!X18-'🎯 Palpites (11-20)'!Y18)=SIGN('⚽ Jogos'!F17-'⚽ Jogos'!H17),('🎯 Palpites (11-20)'!X18-'🎯 Palpites (11-20)'!Y18)=('⚽ Jogos'!F17-'⚽ Jogos'!H17)),2, IF(SIGN('🎯 Palpites (11-20)'!X18-'🎯 Palpites (11-20)'!Y18)=SIGN('⚽ Jogos'!F17-'⚽ Jogos'!H17),1, 0))))
B19: 12 | C19: Suécia | D19: Tunísia | E19: =IF(OR(NOT(ISNUMBER('⚽ Jogos'!F18)),NOT(ISNUMBER('⚽ Jogos'!H18)),NOT(ISNUMBER('🎯 Palpites'!F19)),NOT(ISNUMBER('🎯 Palpites'!G19))),"", IF(AND('🎯 Palpites'!F19='⚽ Jogos'!F18,'🎯 Palpites'!G19='⚽ Jogos'!H18),3, IF(AND(SIGN('🎯 Palpites'!F19-'🎯 Palpites'!G19)=SIGN('⚽ Jogos'!F18-'⚽ Jogos'!H18),('🎯 Palpites'!F19-'🎯 Palpites'!G19)=('⚽ Jogos'!F18-'⚽ Jogos'!H18)),2, IF(SIGN('🎯 Palpites'!F19-'🎯 Palpites'!G19)=SIGN('⚽ Jogos'!F18-'⚽ Jogos'!H18),1, 0)))) | F19: =IF(OR(NOT(ISNUMBER('⚽ Jogos'!F18)),NOT(ISNUMBER('⚽ Jogos'!H18)),NOT(ISNUMBER('🎯 Palpites'!H19)),NOT(ISNUMBER('🎯 Palpites'!I19))),"", IF(AND('🎯 Palpites'!H19='⚽ Jogos'!F18,'🎯 Palpites'!I19='⚽ Jogos'!H18),3, IF(AND(SIGN('🎯 Palpites'!H19-'🎯 Palpites'!I19)=SIGN('⚽ Jogos'!F18-'⚽ Jogos'!H18),('🎯 Palpites'!H19-'🎯 Palpites'!I19)=('⚽ Jogos'!F18-'⚽ Jogos'!H18)),2, IF(SIGN('🎯 Palpites'!H19-'🎯 Palpites'!I19)=SIGN('⚽ Jogos'!F18-'⚽ Jogos'!H18),1, 0)))) | G19: =IF(OR(NOT(ISNUMBER('⚽ Jogos'!F18)),NOT(ISNUMBER('⚽ Jogos'!H18)),NOT(ISNUMBER('🎯 Palpites'!J19)),NOT(ISNUMBER('🎯 Palpites'!K19))),"", IF(AND('🎯 Palpites'!J19='⚽ Jogos'!F18,'🎯 Palpites'!K19='⚽ Jogos'!H18),3, IF(AND(SIGN('🎯 Palpites'!J19-'🎯 Palpites'!K19)=SIGN('⚽ Jogos'!F18-'⚽ Jogos'!H18),('🎯 Palpites'!J19-'🎯 Palpites'!K19)=('⚽ Jogos'!F18-'⚽ Jogos'!H18)),2, IF(SIGN('🎯 Palpites'!J19-'🎯 Palpites'!K19)=SIGN('⚽ Jogos'!F18-'⚽ Jogos'!H18),1, 0)))) | H19: =IF(OR(NOT(ISNUMBER('⚽ Jogos'!F18)),NOT(ISNUMBER('⚽ Jogos'!H18)),NOT(ISNUMBER('🎯 Palpites'!L19)),NOT(ISNUMBER('🎯 Palpites'!M19))),"", IF(AND('🎯 Palpites'!L19='⚽ Jogos'!F18,'🎯 Palpites'!M19='⚽ Jogos'!H18),3, IF(AND(SIGN('🎯 Palpites'!L19-'🎯 Palpites'!M19)=SIGN('⚽ Jogos'!F18-'⚽ Jogos'!H18),('🎯 Palpites'!L19-'🎯 Palpites'!M19)=('⚽ Jogos'!F18-'⚽ Jogos'!H18)),2, IF(SIGN('🎯 Palpites'!L19-'🎯 Palpites'!M19)=SIGN('⚽ Jogos'!F18-'⚽ Jogos'!H18),1, 0)))) | I19: =IF(OR(NOT(ISNUMBER('⚽ Jogos'!F18)),NOT(ISNUMBER('⚽ Jogos'!H18)),NOT(ISNUMBER('🎯 Palpites'!N19)),NOT(ISNUMBER('🎯 Palpites'!O19))),"", IF(AND('🎯 Palpites'!N19='⚽ Jogos'!F18,'🎯 Palpites'!O19='⚽ Jogos'!H18),3, IF(AND(SIGN('🎯 Palpites'!N19-'🎯 Palpites'!O19)=SIGN('⚽ Jogos'!F18-'⚽ Jogos'!H18),('🎯 Palpites'!N19-'🎯 Palpites'!O19)=('⚽ Jogos'!F18-'⚽ Jogos'!H18)),2, IF(SIGN('🎯 Palpites'!N19-'🎯 Palpites'!O19)=SIGN('⚽ Jogos'!F18-'⚽ Jogos'!H18),1, 0)))) | J19: =IF(OR(NOT(ISNUMBER('⚽ Jogos'!F18)),NOT(ISNUMBER('⚽ Jogos'!H18)),NOT(ISNUMBER('🎯 Palpites'!P19)),NOT(ISNUMBER('🎯 Palpites'!Q19))),"", IF(AND('🎯 Palpites'!P19='⚽ Jogos'!F18,'🎯 Palpites'!Q19='⚽ Jogos'!H18),3, IF(AND(SIGN('🎯 Palpites'!P19-'🎯 Palpites'!Q19)=SIGN('⚽ Jogos'!F18-'⚽ Jogos'!H18),('🎯 Palpites'!P19-'🎯 Palpites'!Q19)=('⚽ Jogos'!F18-'⚽ Jogos'!H18)),2, IF(SIGN('🎯 Palpites'!P19-'🎯 Palpites'!Q19)=SIGN('⚽ Jogos'!F18-'⚽ Jogos'!H18),1, 0)))) | K19: =IF(OR(NOT(ISNUMBER('⚽ Jogos'!F18)),NOT(ISNUMBER('⚽ Jogos'!H18)),NOT(ISNUMBER('🎯 Palpites'!R19)),NOT(ISNUMBER('🎯 Palpites'!S19))),"", IF(AND('🎯 Palpites'!R19='⚽ Jogos'!F18,'🎯 Palpites'!S19='⚽ Jogos'!H18),3, IF(AND(SIGN('🎯 Palpites'!R19-'🎯 Palpites'!S19)=SIGN('⚽ Jogos'!F18-'⚽ Jogos'!H18),('🎯 Palpites'!R19-'🎯 Palpites'!S19)=('⚽ Jogos'!F18-'⚽ Jogos'!H18)),2, IF(SIGN('🎯 Palpites'!R19-'🎯 Palpites'!S19)=SIGN('⚽ Jogos'!F18-'⚽ Jogos'!H18),1, 0)))) | L19: =IF(OR(NOT(ISNUMBER('⚽ Jogos'!F18)),NOT(ISNUMBER('⚽ Jogos'!H18)),NOT(ISNUMBER('🎯 Palpites'!T19)),NOT(ISNUMBER('🎯 Palpites'!U19))),"", IF(AND('🎯 Palpites'!T19='⚽ Jogos'!F18,'🎯 Palpites'!U19='⚽ Jogos'!H18),3, IF(AND(SIGN('🎯 Palpites'!T19-'🎯 Palpites'!U19)=SIGN('⚽ Jogos'!F18-'⚽ Jogos'!H18),('🎯 Palpites'!T19-'🎯 Palpites'!U19)=('⚽ Jogos'!F18-'⚽ Jogos'!H18)),2, IF(SIGN('🎯 Palpites'!T19-'🎯 Palpites'!U19)=SIGN('⚽ Jogos'!F18-'⚽ Jogos'!H18),1, 0)))) | M19: =IF(OR(NOT(ISNUMBER('⚽ Jogos'!F18)),NOT(ISNUMBER('⚽ Jogos'!H18)),NOT(ISNUMBER('🎯 Palpites'!V19)),NOT(ISNUMBER('🎯 Palpites'!W19))),"", IF(AND('🎯 Palpites'!V19='⚽ Jogos'!F18,'🎯 Palpites'!W19='⚽ Jogos'!H18),3, IF(AND(SIGN('🎯 Palpites'!V19-'🎯 Palpites'!W19)=SIGN('⚽ Jogos'!F18-'⚽ Jogos'!H18),('🎯 Palpites'!V19-'🎯 Palpites'!W19)=('⚽ Jogos'!F18-'⚽ Jogos'!H18)),2, IF(SIGN('🎯 Palpites'!V19-'🎯 Palpites'!W19)=SIGN('⚽ Jogos'!F18-'⚽ Jogos'!H18),1, 0)))) | N19: =IF(OR(NOT(ISNUMBER('⚽ Jogos'!F18)),NOT(ISNUMBER('⚽ Jogos'!H18)),NOT(ISNUMBER('🎯 Palpites'!X19)),NOT(ISNUMBER('🎯 Palpites'!Y19))),"", IF(AND('🎯 Palpites'!X19='⚽ Jogos'!F18,'🎯 Palpites'!Y19='⚽ Jogos'!H18),3, IF(AND(SIGN('🎯 Palpites'!X19-'🎯 Palpites'!Y19)=SIGN('⚽ Jogos'!F18-'⚽ Jogos'!H18),('🎯 Palpites'!X19-'🎯 Palpites'!Y19)=('⚽ Jogos'!F18-'⚽ Jogos'!H18)),2, IF(SIGN('🎯 Palpites'!X19-'🎯 Palpites'!Y19)=SIGN('⚽ Jogos'!F18-'⚽ Jogos'!H18),1, 0)))) | O19: =IF(OR(NOT(ISNUMBER('⚽ Jogos'!F18)),NOT(ISNUMBER('⚽ Jogos'!H18)),NOT(ISNUMBER('🎯 Palpites (11-20)'!F19)),NOT(ISNUMBER('🎯 Palpites (11-20)'!G19))),"", IF(AND('🎯 Palpites (11-20)'!F19='⚽ Jogos'!F18,'🎯 Palpites (11-20)'!G19='⚽ Jogos'!H18),3, IF(AND(SIGN('🎯 Palpites (11-20)'!F19-'🎯 Palpites (11-20)'!G19)=SIGN('⚽ Jogos'!F18-'⚽ Jogos'!H18),('🎯 Palpites (11-20)'!F19-'🎯 Palpites (11-20)'!G19)=('⚽ Jogos'!F18-'⚽ Jogos'!H18)),2, IF(SIGN('🎯 Palpites (11-20)'!F19-'🎯 Palpites (11-20)'!G19)=SIGN('⚽ Jogos'!F18-'⚽ Jogos'!H18),1, 0)))) | P19: =IF(OR(NOT(ISNUMBER('⚽ Jogos'!F18)),NOT(ISNUMBER('⚽ Jogos'!H18)),NOT(ISNUMBER('🎯 Palpites (11-20)'!H19)),NOT(ISNUMBER('🎯 Palpites (11-20)'!I19))),"", IF(AND('🎯 Palpites (11-20)'!H19='⚽ Jogos'!F18,'🎯 Palpites (11-20)'!I19='⚽ Jogos'!H18),3, IF(AND(SIGN('🎯 Palpites (11-20)'!H19-'🎯 Palpites (11-20)'!I19)=SIGN('⚽ Jogos'!F18-'⚽ Jogos'!H18),('🎯 Palpites (11-20)'!H19-'🎯 Palpites (11-20)'!I19)=('⚽ Jogos'!F18-'⚽ Jogos'!H18)),2, IF(SIGN('🎯 Palpites (11-20)'!H19-'🎯 Palpites (11-20)'!I19)=SIGN('⚽ Jogos'!F18-'⚽ Jogos'!H18),1, 0)))) | Q19: =IF(OR(NOT(ISNUMBER('⚽ Jogos'!F18)),NOT(ISNUMBER('⚽ Jogos'!H18)),NOT(ISNUMBER('🎯 Palpites (11-20)'!J19)),NOT(ISNUMBER('🎯 Palpites (11-20)'!K19))),"", IF(AND('🎯 Palpites (11-20)'!J19='⚽ Jogos'!F18,'🎯 Palpites (11-20)'!K19='⚽ Jogos'!H18),3, IF(AND(SIGN('🎯 Palpites (11-20)'!J19-'🎯 Palpites (11-20)'!K19)=SIGN('⚽ Jogos'!F18-'⚽ Jogos'!H18),('🎯 Palpites (11-20)'!J19-'🎯 Palpites (11-20)'!K19)=('⚽ Jogos'!F18-'⚽ Jogos'!H18)),2, IF(SIGN('🎯 Palpites (11-20)'!J19-'🎯 Palpites (11-20)'!K19)=SIGN('⚽ Jogos'!F18-'⚽ Jogos'!H18),1, 0)))) | R19: =IF(OR(NOT(ISNUMBER('⚽ Jogos'!F18)),NOT(ISNUMBER('⚽ Jogos'!H18)),NOT(ISNUMBER('🎯 Palpites (11-20)'!L19)),NOT(ISNUMBER('🎯 Palpites (11-20)'!M19))),"", IF(AND('🎯 Palpites (11-20)'!L19='⚽ Jogos'!F18,'🎯 Palpites (11-20)'!M19='⚽ Jogos'!H18),3, IF(AND(SIGN('🎯 Palpites (11-20)'!L19-'🎯 Palpites (11-20)'!M19)=SIGN('⚽ Jogos'!F18-'⚽ Jogos'!H18),('🎯 Palpites (11-20)'!L19-'🎯 Palpites (11-20)'!M19)=('⚽ Jogos'!F18-'⚽ Jogos'!H18)),2, IF(SIGN('🎯 Palpites (11-20)'!L19-'🎯 Palpites (11-20)'!M19)=SIGN('⚽ Jogos'!F18-'⚽ Jogos'!H18),1, 0)))) | S19: =IF(OR(NOT(ISNUMBER('⚽ Jogos'!F18)),NOT(ISNUMBER('⚽ Jogos'!H18)),NOT(ISNUMBER('🎯 Palpites (11-20)'!N19)),NOT(ISNUMBER('🎯 Palpites (11-20)'!O19))),"", IF(AND('🎯 Palpites (11-20)'!N19='⚽ Jogos'!F18,'🎯 Palpites (11-20)'!O19='⚽ Jogos'!H18),3, IF(AND(SIGN('🎯 Palpites (11-20)'!N19-'🎯 Palpites (11-20)'!O19)=SIGN('⚽ Jogos'!F18-'⚽ Jogos'!H18),('🎯 Palpites (11-20)'!N19-'🎯 Palpites (11-20)'!O19)=('⚽ Jogos'!F18-'⚽ Jogos'!H18)),2, IF(SIGN('🎯 Palpites (11-20)'!N19-'🎯 Palpites (11-20)'!O19)=SIGN('⚽ Jogos'!F18-'⚽ Jogos'!H18),1, 0)))) | T19: =IF(OR(NOT(ISNUMBER('⚽ Jogos'!F18)),NOT(ISNUMBER('⚽ Jogos'!H18)),NOT(ISNUMBER('🎯 Palpites (11-20)'!P19)),NOT(ISNUMBER('🎯 Palpites (11-20)'!Q19))),"", IF(AND('🎯 Palpites (11-20)'!P19='⚽ Jogos'!F18,'🎯 Palpites (11-20)'!Q19='⚽ Jogos'!H18),3, IF(AND(SIGN('🎯 Palpites (11-20)'!P19-'🎯 Palpites (11-20)'!Q19)=SIGN('⚽ Jogos'!F18-'⚽ Jogos'!H18),('🎯 Palpites (11-20)'!P19-'🎯 Palpites (11-20)'!Q19)=('⚽ Jogos'!F18-'⚽ Jogos'!H18)),2, IF(SIGN('🎯 Palpites (11-20)'!P19-'🎯 Palpites (11-20)'!Q19)=SIGN('⚽ Jogos'!F18-'⚽ Jogos'!H18),1, 0)))) | U19: =IF(OR(NOT(ISNUMBER('⚽ Jogos'!F18)),NOT(ISNUMBER('⚽ Jogos'!H18)),NOT(ISNUMBER('🎯 Palpites (11-20)'!R19)),NOT(ISNUMBER('🎯 Palpites (11-20)'!S19))),"", IF(AND('🎯 Palpites (11-20)'!R19='⚽ Jogos'!F18,'🎯 Palpites (11-20)'!S19='⚽ Jogos'!H18),3, IF(AND(SIGN('🎯 Palpites (11-20)'!R19-'🎯 Palpites (11-20)'!S19)=SIGN('⚽ Jogos'!F18-'⚽ Jogos'!H18),('🎯 Palpites (11-20)'!R19-'🎯 Palpites (11-20)'!S19)=('⚽ Jogos'!F18-'⚽ Jogos'!H18)),2, IF(SIGN('🎯 Palpites (11-20)'!R19-'🎯 Palpites (11-20)'!S19)=SIGN('⚽ Jogos'!F18-'⚽ Jogos'!H18),1, 0)))) | V19: =IF(OR(NOT(ISNUMBER('⚽ Jogos'!F18)),NOT(ISNUMBER('⚽ Jogos'!H18)),NOT(ISNUMBER('🎯 Palpites (11-20)'!T19)),NOT(ISNUMBER('🎯 Palpites (11-20)'!U19))),"", IF(AND('🎯 Palpites (11-20)'!T19='⚽ Jogos'!F18,'🎯 Palpites (11-20)'!U19='⚽ Jogos'!H18),3, IF(AND(SIGN('🎯 Palpites (11-20)'!T19-'🎯 Palpites (11-20)'!U19)=SIGN('⚽ Jogos'!F18-'⚽ Jogos'!H18),('🎯 Palpites (11-20)'!T19-'🎯 Palpites (11-20)'!U19)=('⚽ Jogos'!F18-'⚽ Jogos'!H18)),2, IF(SIGN('🎯 Palpites (11-20)'!T19-'🎯 Palpites (11-20)'!U19)=SIGN('⚽ Jogos'!F18-'⚽ Jogos'!H18),1, 0)))) | W19: =IF(OR(NOT(ISNUMBER('⚽ Jogos'!F18)),NOT(ISNUMBER('⚽ Jogos'!H18)),NOT(ISNUMBER('🎯 Palpites (11-20)'!V19)),NOT(ISNUMBER('🎯 Palpites (11-20)'!W19))),"", IF(AND('🎯 Palpites (11-20)'!V19='⚽ Jogos'!F18,'🎯 Palpites (11-20)'!W19='⚽ Jogos'!H18),3, IF(AND(SIGN('🎯 Palpites (11-20)'!V19-'🎯 Palpites (11-20)'!W19)=SIGN('⚽ Jogos'!F18-'⚽ Jogos'!H18),('🎯 Palpites (11-20)'!V19-'🎯 Palpites (11-20)'!W19)=('⚽ Jogos'!F18-'⚽ Jogos'!H18)),2, IF(SIGN('🎯 Palpites (11-20)'!V19-'🎯 Palpites (11-20)'!W19)=SIGN('⚽ Jogos'!F18-'⚽ Jogos'!H18),1, 0)))) | X19: =IF(OR(NOT(ISNUMBER('⚽ Jogos'!F18)),NOT(ISNUMBER('⚽ Jogos'!H18)),NOT(ISNUMBER('🎯 Palpites (11-20)'!X19)),NOT(ISNUMBER('🎯 Palpites (11-20)'!Y19))),"", IF(AND('🎯 Palpites (11-20)'!X19='⚽ Jogos'!F18,'🎯 Palpites (11-20)'!Y19='⚽ Jogos'!H18),3, IF(AND(SIGN('🎯 Palpites (11-20)'!X19-'🎯 Palpites (11-20)'!Y19)=SIGN('⚽ Jogos'!F18-'⚽ Jogos'!H18),('🎯 Palpites (11-20)'!X19-'🎯 Palpites (11-20)'!Y19)=('⚽ Jogos'!F18-'⚽ Jogos'!H18)),2, IF(SIGN('🎯 Palpites (11-20)'!X19-'🎯 Palpites (11-20)'!Y19)=SIGN('⚽ Jogos'!F18-'⚽ Jogos'!H18),1, 0))))
... B79: 72 | C79: Jordânia | D79: Argentina | E79: =IF(OR(NOT(ISNUMBER('⚽ Jogos'!F78)),NOT(ISNUMBER('⚽ Jogos'!H78)),NOT(ISNUMBER('🎯 Palpites'!F79)),NOT(ISNUMBER('🎯 Palpites'!G79))),"", IF(AND('🎯 Palpites'!F79='⚽ Jogos'!F78,'🎯 Palpites'!G79='⚽ Jogos'!H78),3, IF(AND(SIGN('🎯 Palpites'!F79-'🎯 Palpites'!G79)=SIGN('⚽ Jogos'!F78-'⚽ Jogos'!H78),('🎯 Palpites'!F79-'🎯 Palpites'!G79)=('⚽ Jogos'!F78-'⚽ Jogos'!H78)),2, IF(SIGN('🎯 Palpites'!F79-'🎯 Palpites'!G79)=SIGN('⚽ Jogos'!F78-'⚽ Jogos'!H78),1, 0)))) | F79: =IF(OR(NOT(ISNUMBER('⚽ Jogos'!F78)),NOT(ISNUMBER('⚽ Jogos'!H78)),NOT(ISNUMBER('🎯 Palpites'!H79)),NOT(ISNUMBER('🎯 Palpites'!I79))),"", IF(AND('🎯 Palpites'!H79='⚽ Jogos'!F78,'🎯 Palpites'!I79='⚽ Jogos'!H78),3, IF(AND(SIGN('🎯 Palpites'!H79-'🎯 Palpites'!I79)=SIGN('⚽ Jogos'!F78-'⚽ Jogos'!H78),('🎯 Palpites'!H79-'🎯 Palpites'!I79)=('⚽ Jogos'!F78-'⚽ Jogos'!H78)),2, IF(SIGN('🎯 Palpites'!H79-'🎯 Palpites'!I79)=SIGN('⚽ Jogos'!F78-'⚽ Jogos'!H78),1, 0)))) | G79: =IF(OR(NOT(ISNUMBER('⚽ Jogos'!F78)),NOT(ISNUMBER('⚽ Jogos'!H78)),NOT(ISNUMBER('🎯 Palpites'!J79)),NOT(ISNUMBER('🎯 Palpites'!K79))),"", IF(AND('🎯 Palpites'!J79='⚽ Jogos'!F78,'🎯 Palpites'!K79='⚽ Jogos'!H78),3, IF(AND(SIGN('🎯 Palpites'!J79-'🎯 Palpites'!K79)=SIGN('⚽ Jogos'!F78-'⚽ Jogos'!H78),('🎯 Palpites'!J79-'🎯 Palpites'!K79)=('⚽ Jogos'!F78-'⚽ Jogos'!H78)),2, IF(SIGN('🎯 Palpites'!J79-'🎯 Palpites'!K79)=SIGN('⚽ Jogos'!F78-'⚽ Jogos'!H78),1, 0)))) | H79: =IF(OR(NOT(ISNUMBER('⚽ Jogos'!F78)),NOT(ISNUMBER('⚽ Jogos'!H78)),NOT(ISNUMBER('🎯 Palpites'!L79)),NOT(ISNUMBER('🎯 Palpites'!M79))),"", IF(AND('🎯 Palpites'!L79='⚽ Jogos'!F78,'🎯 Palpites'!M79='⚽ Jogos'!H78),3, IF(AND(SIGN('🎯 Palpites'!L79-'🎯 Palpites'!M79)=SIGN('⚽ Jogos'!F78-'⚽ Jogos'!H78),('🎯 Palpites'!L79-'🎯 Palpites'!M79)=('⚽ Jogos'!F78-'⚽ Jogos'!H78)),2, IF(SIGN('🎯 Palpites'!L79-'🎯 Palpites'!M79)=SIGN('⚽ Jogos'!F78-'⚽ Jogos'!H78),1, 0)))) | I79: =IF(OR(NOT(ISNUMBER('⚽ Jogos'!F78)),NOT(ISNUMBER('⚽ Jogos'!H78)),NOT(ISNUMBER('🎯 Palpites'!N79)),NOT(ISNUMBER('🎯 Palpites'!O79))),"", IF(AND('🎯 Palpites'!N79='⚽ Jogos'!F78,'🎯 Palpites'!O79='⚽ Jogos'!H78),3, IF(AND(SIGN('🎯 Palpites'!N79-'🎯 Palpites'!O79)=SIGN('⚽ Jogos'!F78-'⚽ Jogos'!H78),('🎯 Palpites'!N79-'🎯 Palpites'!O79)=('⚽ Jogos'!F78-'⚽ Jogos'!H78)),2, IF(SIGN('🎯 Palpites'!N79-'🎯 Palpites'!O79)=SIGN('⚽ Jogos'!F78-'⚽ Jogos'!H78),1, 0)))) | J79: =IF(OR(NOT(ISNUMBER('⚽ Jogos'!F78)),NOT(ISNUMBER('⚽ Jogos'!H78)),NOT(ISNUMBER('🎯 Palpites'!P79)),NOT(ISNUMBER('🎯 Palpites'!Q79))),"", IF(AND('🎯 Palpites'!P79='⚽ Jogos'!F78,'🎯 Palpites'!Q79='⚽ Jogos'!H78),3, IF(AND(SIGN('🎯 Palpites'!P79-'🎯 Palpites'!Q79)=SIGN('⚽ Jogos'!F78-'⚽ Jogos'!H78),('🎯 Palpites'!P79-'🎯 Palpites'!Q79)=('⚽ Jogos'!F78-'⚽ Jogos'!H78)),2, IF(SIGN('🎯 Palpites'!P79-'🎯 Palpites'!Q79)=SIGN('⚽ Jogos'!F78-'⚽ Jogos'!H78),1, 0)))) | K79: =IF(OR(NOT(ISNUMBER('⚽ Jogos'!F78)),NOT(ISNUMBER('⚽ Jogos'!H78)),NOT(ISNUMBER('🎯 Palpites'!R79)),NOT(ISNUMBER('🎯 Palpites'!S79))),"", IF(AND('🎯 Palpites'!R79='⚽ Jogos'!F78,'🎯 Palpites'!S79='⚽ Jogos'!H78),3, IF(AND(SIGN('🎯 Palpites'!R79-'🎯 Palpites'!S79)=SIGN('⚽ Jogos'!F78-'⚽ Jogos'!H78),('🎯 Palpites'!R79-'🎯 Palpites'!S79)=('⚽ Jogos'!F78-'⚽ Jogos'!H78)),2, IF(SIGN('🎯 Palpites'!R79-'🎯 Palpites'!S79)=SIGN('⚽ Jogos'!F78-'⚽ Jogos'!H78),1, 0)))) | L79: =IF(OR(NOT(ISNUMBER('⚽ Jogos'!F78)),NOT(ISNUMBER('⚽ Jogos'!H78)),NOT(ISNUMBER('🎯 Palpites'!T79)),NOT(ISNUMBER('🎯 Palpites'!U79))),"", IF(AND('🎯 Palpites'!T79='⚽ Jogos'!F78,'🎯 Palpites'!U79='⚽ Jogos'!H78),3, IF(AND(SIGN('🎯 Palpites'!T79-'🎯 Palpites'!U79)=SIGN('⚽ Jogos'!F78-'⚽ Jogos'!H78),('🎯 Palpites'!T79-'🎯 Palpites'!U79)=('⚽ Jogos'!F78-'⚽ Jogos'!H78)),2, IF(SIGN('🎯 Palpites'!T79-'🎯 Palpites'!U79)=SIGN('⚽ Jogos'!F78-'⚽ Jogos'!H78),1, 0)))) | M79: =IF(OR(NOT(ISNUMBER('⚽ Jogos'!F78)),NOT(ISNUMBER('⚽ Jogos'!H78)),NOT(ISNUMBER('🎯 Palpites'!V79)),NOT(ISNUMBER('🎯 Palpites'!W79))),"", IF(AND('🎯 Palpites'!V79='⚽ Jogos'!F78,'🎯 Palpites'!W79='⚽ Jogos'!H78),3, IF(AND(SIGN('🎯 Palpites'!V79-'🎯 Palpites'!W79)=SIGN('⚽ Jogos'!F78-'⚽ Jogos'!H78),('🎯 Palpites'!V79-'🎯 Palpites'!W79)=('⚽ Jogos'!F78-'⚽ Jogos'!H78)),2, IF(SIGN('🎯 Palpites'!V79-'🎯 Palpites'!W79)=SIGN('⚽ Jogos'!F78-'⚽ Jogos'!H78),1, 0)))) | N79: =IF(OR(NOT(ISNUMBER('⚽ Jogos'!F78)),NOT(ISNUMBER('⚽ Jogos'!H78)),NOT(ISNUMBER('🎯 Palpites'!X79)),NOT(ISNUMBER('🎯 Palpites'!Y79))),"", IF(AND('🎯 Palpites'!X79='⚽ Jogos'!F78,'🎯 Palpites'!Y79='⚽ Jogos'!H78),3, IF(AND(SIGN('🎯 Palpites'!X79-'🎯 Palpites'!Y79)=SIGN('⚽ Jogos'!F78-'⚽ Jogos'!H78),('🎯 Palpites'!X79-'🎯 Palpites'!Y79)=('⚽ Jogos'!F78-'⚽ Jogos'!H78)),2, IF(SIGN('🎯 Palpites'!X79-'🎯 Palpites'!Y79)=SIGN('⚽ Jogos'!F78-'⚽ Jogos'!H78),1, 0)))) | O79: =IF(OR(NOT(ISNUMBER('⚽ Jogos'!F78)),NOT(ISNUMBER('⚽ Jogos'!H78)),NOT(ISNUMBER('🎯 Palpites (11-20)'!F79)),NOT(ISNUMBER('🎯 Palpites (11-20)'!G79))),"", IF(AND('🎯 Palpites (11-20)'!F79='⚽ Jogos'!F78,'🎯 Palpites (11-20)'!G79='⚽ Jogos'!H78),3, IF(AND(SIGN('🎯 Palpites (11-20)'!F79-'🎯 Palpites (11-20)'!G79)=SIGN('⚽ Jogos'!F78-'⚽ Jogos'!H78),('🎯 Palpites (11-20)'!F79-'🎯 Palpites (11-20)'!G79)=('⚽ Jogos'!F78-'⚽ Jogos'!H78)),2, IF(SIGN('🎯 Palpites (11-20)'!F79-'🎯 Palpites (11-20)'!G79)=SIGN('⚽ Jogos'!F78-'⚽ Jogos'!H78),1, 0)))) | P79: =IF(OR(NOT(ISNUMBER('⚽ Jogos'!F78)),NOT(ISNUMBER('⚽ Jogos'!H78)),NOT(ISNUMBER('🎯 Palpites (11-20)'!H79)),NOT(ISNUMBER('🎯 Palpites (11-20)'!I79))),"", IF(AND('🎯 Palpites (11-20)'!H79='⚽ Jogos'!F78,'🎯 Palpites (11-20)'!I79='⚽ Jogos'!H78),3, IF(AND(SIGN('🎯 Palpites (11-20)'!H79-'🎯 Palpites (11-20)'!I79)=SIGN('⚽ Jogos'!F78-'⚽ Jogos'!H78),('🎯 Palpites (11-20)'!H79-'🎯 Palpites (11-20)'!I79)=('⚽ Jogos'!F78-'⚽ Jogos'!H78)),2, IF(SIGN('🎯 Palpites (11-20)'!H79-'🎯 Palpites (11-20)'!I79)=SIGN('⚽ Jogos'!F78-'⚽ Jogos'!H78),1, 0)))) | Q79: =IF(OR(NOT(ISNUMBER('⚽ Jogos'!F78)),NOT(ISNUMBER('⚽ Jogos'!H78)),NOT(ISNUMBER('🎯 Palpites (11-20)'!J79)),NOT(ISNUMBER('🎯 Palpites (11-20)'!K79))),"", IF(AND('🎯 Palpites (11-20)'!J79='⚽ Jogos'!F78,'🎯 Palpites (11-20)'!K79='⚽ Jogos'!H78),3, IF(AND(SIGN('🎯 Palpites (11-20)'!J79-'🎯 Palpites (11-20)'!K79)=SIGN('⚽ Jogos'!F78-'⚽ Jogos'!H78),('🎯 Palpites (11-20)'!J79-'🎯 Palpites (11-20)'!K79)=('⚽ Jogos'!F78-'⚽ Jogos'!H78)),2, IF(SIGN('🎯 Palpites (11-20)'!J79-'🎯 Palpites (11-20)'!K79)=SIGN('⚽ Jogos'!F78-'⚽ Jogos'!H78),1, 0)))) | R79: =IF(OR(NOT(ISNUMBER('⚽ Jogos'!F78)),NOT(ISNUMBER('⚽ Jogos'!H78)),NOT(ISNUMBER('🎯 Palpites (11-20)'!L79)),NOT(ISNUMBER('🎯 Palpites (11-20)'!M79))),"", IF(AND('🎯 Palpites (11-20)'!L79='⚽ Jogos'!F78,'🎯 Palpites (11-20)'!M79='⚽ Jogos'!H78),3, IF(AND(SIGN('🎯 Palpites (11-20)'!L79-'🎯 Palpites (11-20)'!M79)=SIGN('⚽ Jogos'!F78-'⚽ Jogos'!H78),('🎯 Palpites (11-20)'!L79-'🎯 Palpites (11-20)'!M79)=('⚽ Jogos'!F78-'⚽ Jogos'!H78)),2, IF(SIGN('🎯 Palpites (11-20)'!L79-'🎯 Palpites (11-20)'!M79)=SIGN('⚽ Jogos'!F78-'⚽ Jogos'!H78),1, 0)))) | S79: =IF(OR(NOT(ISNUMBER('⚽ Jogos'!F78)),NOT(ISNUMBER('⚽ Jogos'!H78)),NOT(ISNUMBER('🎯 Palpites (11-20)'!N79)),NOT(ISNUMBER('🎯 Palpites (11-20)'!O79))),"", IF(AND('🎯 Palpites (11-20)'!N79='⚽ Jogos'!F78,'🎯 Palpites (11-20)'!O79='⚽ Jogos'!H78),3, IF(AND(SIGN('🎯 Palpites (11-20)'!N79-'🎯 Palpites (11-20)'!O79)=SIGN('⚽ Jogos'!F78-'⚽ Jogos'!H78),('🎯 Palpites (11-20)'!N79-'🎯 Palpites (11-20)'!O79)=('⚽ Jogos'!F78-'⚽ Jogos'!H78)),2, IF(SIGN('🎯 Palpites (11-20)'!N79-'🎯 Palpites (11-20)'!O79)=SIGN('⚽ Jogos'!F78-'⚽ Jogos'!H78),1, 0)))) | T79: =IF(OR(NOT(ISNUMBER('⚽ Jogos'!F78)),NOT(ISNUMBER('⚽ Jogos'!H78)),NOT(ISNUMBER('🎯 Palpites (11-20)'!P79)),NOT(ISNUMBER('🎯 Palpites (11-20)'!Q79))),"", IF(AND('🎯 Palpites (11-20)'!P79='⚽ Jogos'!F78,'🎯 Palpites (11-20)'!Q79='⚽ Jogos'!H78),3, IF(AND(SIGN('🎯 Palpites (11-20)'!P79-'🎯 Palpites (11-20)'!Q79)=SIGN('⚽ Jogos'!F78-'⚽ Jogos'!H78),('🎯 Palpites (11-20)'!P79-'🎯 Palpites (11-20)'!Q79)=('⚽ Jogos'!F78-'⚽ Jogos'!H78)),2, IF(SIGN('🎯 Palpites (11-20)'!P79-'🎯 Palpites (11-20)'!Q79)=SIGN('⚽ Jogos'!F78-'⚽ Jogos'!H78),1, 0)))) | U79: =IF(OR(NOT(ISNUMBER('⚽ Jogos'!F78)),NOT(ISNUMBER('⚽ Jogos'!H78)),NOT(ISNUMBER('🎯 Palpites (11-20)'!R79)),NOT(ISNUMBER('🎯 Palpites (11-20)'!S79))),"", IF(AND('🎯 Palpites (11-20)'!R79='⚽ Jogos'!F78,'🎯 Palpites (11-20)'!S79='⚽ Jogos'!H78),3, IF(AND(SIGN('🎯 Palpites (11-20)'!R79-'🎯 Palpites (11-20)'!S79)=SIGN('⚽ Jogos'!F78-'⚽ Jogos'!H78),('🎯 Palpites (11-20)'!R79-'🎯 Palpites (11-20)'!S79)=('⚽ Jogos'!F78-'⚽ Jogos'!H78)),2, IF(SIGN('🎯 Palpites (11-20)'!R79-'🎯 Palpites (11-20)'!S79)=SIGN('⚽ Jogos'!F78-'⚽ Jogos'!H78),1, 0)))) | V79: =IF(OR(NOT(ISNUMBER('⚽ Jogos'!F78)),NOT(ISNUMBER('⚽ Jogos'!H78)),NOT(ISNUMBER('🎯 Palpites (11-20)'!T79)),NOT(ISNUMBER('🎯 Palpites (11-20)'!U79))),"", IF(AND('🎯 Palpites (11-20)'!T79='⚽ Jogos'!F78,'🎯 Palpites (11-20)'!U79='⚽ Jogos'!H78),3, IF(AND(SIGN('🎯 Palpites (11-20)'!T79-'🎯 Palpites (11-20)'!U79)=SIGN('⚽ Jogos'!F78-'⚽ Jogos'!H78),('🎯 Palpites (11-20)'!T79-'🎯 Palpites (11-20)'!U79)=('⚽ Jogos'!F78-'⚽ Jogos'!H78)),2, IF(SIGN('🎯 Palpites (11-20)'!T79-'🎯 Palpites (11-20)'!U79)=SIGN('⚽ Jogos'!F78-'⚽ Jogos'!H78),1, 0)))) | W79: =IF(OR(NOT(ISNUMBER('⚽ Jogos'!F78)),NOT(ISNUMBER('⚽ Jogos'!H78)),NOT(ISNUMBER('🎯 Palpites (11-20)'!V79)),NOT(ISNUMBER('🎯 Palpites (11-20)'!W79))),"", IF(AND('🎯 Palpites (11-20)'!V79='⚽ Jogos'!F78,'🎯 Palpites (11-20)'!W79='⚽ Jogos'!H78),3, IF(AND(SIGN('🎯 Palpites (11-20)'!V79-'🎯 Palpites (11-20)'!W79)=SIGN('⚽ Jogos'!F78-'⚽ Jogos'!H78),('🎯 Palpites (11-20)'!V79-'🎯 Palpites (11-20)'!W79)=('⚽ Jogos'!F78-'⚽ Jogos'!H78)),2, IF(SIGN('🎯 Palpites (11-20)'!V79-'🎯 Palpites (11-20)'!W79)=SIGN('⚽ Jogos'!F78-'⚽ Jogos'!H78),1, 0)))) | X79: =IF(OR(NOT(ISNUMBER('⚽ Jogos'!F78)),NOT(ISNUMBER('⚽ Jogos'!H78)),NOT(ISNUMBER('🎯 Palpites (11-20)'!X79)),NOT(ISNUMBER('🎯 Palpites (11-20)'!Y79))),"", IF(AND('🎯 Palpites (11-20)'!X79='⚽ Jogos'!F78,'🎯 Palpites (11-20)'!Y79='⚽ Jogos'!H78),3, IF(AND(SIGN('🎯 Palpites (11-20)'!X79-'🎯 Palpites (11-20)'!Y79)=SIGN('⚽ Jogos'!F78-'⚽ Jogos'!H78),('🎯 Palpites (11-20)'!X79-'🎯 Palpites (11-20)'!Y79)=('⚽ Jogos'!F78-'⚽ Jogos'!H78)),2, IF(SIGN('🎯 Palpites (11-20)'!X79-'🎯 Palpites (11-20)'!Y79)=SIGN('⚽ Jogos'!F78-'⚽ Jogos'!H78),1, 0))))
B80: ━━━ 32-AVOS ━━━
B81: 73 | C81: Segundo colocado do Grupo A | D81: Segundo colocado do Grupo B | E81: =IF(OR(NOT(ISNUMBER('⚽ Jogos'!F80)),NOT(ISNUMBER('⚽ Jogos'!H80)),NOT(ISNUMBER('🎯 Palpites'!F81)),NOT(ISNUMBER('🎯 Palpites'!G81))),"", IF(AND('🎯 Palpites'!F81='⚽ Jogos'!F80,'🎯 Palpites'!G81='⚽ Jogos'!H80),3, IF(AND(SIGN('🎯 Palpites'!F81-'🎯 Palpites'!G81)=SIGN('⚽ Jogos'!F80-'⚽ Jogos'!H80),('🎯 Palpites'!F81-'🎯 Palpites'!G81)=('⚽ Jogos'!F80-'⚽ Jogos'!H80)),2, IF(SIGN('🎯 Palpites'!F81-'🎯 Palpites'!G81)=SIGN('⚽ Jogos'!F80-'⚽ Jogos'!H80),1, 0)))) | F81: =IF(OR(NOT(ISNUMBER('⚽ Jogos'!F80)),NOT(ISNUMBER('⚽ Jogos'!H80)),NOT(ISNUMBER('🎯 Palpites'!H81)),NOT(ISNUMBER('🎯 Palpites'!I81))),"", IF(AND('🎯 Palpites'!H81='⚽ Jogos'!F80,'🎯 Palpites'!I81='⚽ Jogos'!H80),3, IF(AND(SIGN('🎯 Palpites'!H81-'🎯 Palpites'!I81)=SIGN('⚽ Jogos'!F80-'⚽ Jogos'!H80),('🎯 Palpites'!H81-'🎯 Palpites'!I81)=('⚽ Jogos'!F80-'⚽ Jogos'!H80)),2, IF(SIGN('🎯 Palpites'!H81-'🎯 Palpites'!I81)=SIGN('⚽ Jogos'!F80-'⚽ Jogos'!H80),1, 0)))) | G81: =IF(OR(NOT(ISNUMBER('⚽ Jogos'!F80)),NOT(ISNUMBER('⚽ Jogos'!H80)),NOT(ISNUMBER('🎯 Palpites'!J81)),NOT(ISNUMBER('🎯 Palpites'!K81))),"", IF(AND('🎯 Palpites'!J81='⚽ Jogos'!F80,'🎯 Palpites'!K81='⚽ Jogos'!H80),3, IF(AND(SIGN('🎯 Palpites'!J81-'🎯 Palpites'!K81)=SIGN('⚽ Jogos'!F80-'⚽ Jogos'!H80),('🎯 Palpites'!J81-'🎯 Palpites'!K81)=('⚽ Jogos'!F80-'⚽ Jogos'!H80)),2, IF(SIGN('🎯 Palpites'!J81-'🎯 Palpites'!K81)=SIGN('⚽ Jogos'!F80-'⚽ Jogos'!H80),1, 0)))) | H81: =IF(OR(NOT(ISNUMBER('⚽ Jogos'!F80)),NOT(ISNUMBER('⚽ Jogos'!H80)),NOT(ISNUMBER('🎯 Palpites'!L81)),NOT(ISNUMBER('🎯 Palpites'!M81))),"", IF(AND('🎯 Palpites'!L81='⚽ Jogos'!F80,'🎯 Palpites'!M81='⚽ Jogos'!H80),3, IF(AND(SIGN('🎯 Palpites'!L81-'🎯 Palpites'!M81)=SIGN('⚽ Jogos'!F80-'⚽ Jogos'!H80),('🎯 Palpites'!L81-'🎯 Palpites'!M81)=('⚽ Jogos'!F80-'⚽ Jogos'!H80)),2, IF(SIGN('🎯 Palpites'!L81-'🎯 Palpites'!M81)=SIGN('⚽ Jogos'!F80-'⚽ Jogos'!H80),1, 0)))) | I81: =IF(OR(NOT(ISNUMBER('⚽ Jogos'!F80)),NOT(ISNUMBER('⚽ Jogos'!H80)),NOT(ISNUMBER('🎯 Palpites'!N81)),NOT(ISNUMBER('🎯 Palpites'!O81))),"", IF(AND('🎯 Palpites'!N81='⚽ Jogos'!F80,'🎯 Palpites'!O81='⚽ Jogos'!H80),3, IF(AND(SIGN('🎯 Palpites'!N81-'🎯 Palpites'!O81)=SIGN('⚽ Jogos'!F80-'⚽ Jogos'!H80),('🎯 Palpites'!N81-'🎯 Palpites'!O81)=('⚽ Jogos'!F80-'⚽ Jogos'!H80)),2, IF(SIGN('🎯 Palpites'!N81-'🎯 Palpites'!O81)=SIGN('⚽ Jogos'!F80-'⚽ Jogos'!H80),1, 0)))) | J81: =IF(OR(NOT(ISNUMBER('⚽ Jogos'!F80)),NOT(ISNUMBER('⚽ Jogos'!H80)),NOT(ISNUMBER('🎯 Palpites'!P81)),NOT(ISNUMBER('🎯 Palpites'!Q81))),"", IF(AND('🎯 Palpites'!P81='⚽ Jogos'!F80,'🎯 Palpites'!Q81='⚽ Jogos'!H80),3, IF(AND(SIGN('🎯 Palpites'!P81-'🎯 Palpites'!Q81)=SIGN('⚽ Jogos'!F80-'⚽ Jogos'!H80),('🎯 Palpites'!P81-'🎯 Palpites'!Q81)=('⚽ Jogos'!F80-'⚽ Jogos'!H80)),2, IF(SIGN('🎯 Palpites'!P81-'🎯 Palpites'!Q81)=SIGN('⚽ Jogos'!F80-'⚽ Jogos'!H80),1, 0)))) | K81: =IF(OR(NOT(ISNUMBER('⚽ Jogos'!F80)),NOT(ISNUMBER('⚽ Jogos'!H80)),NOT(ISNUMBER('🎯 Palpites'!R81)),NOT(ISNUMBER('🎯 Palpites'!S81))),"", IF(AND('🎯 Palpites'!R81='⚽ Jogos'!F80,'🎯 Palpites'!S81='⚽ Jogos'!H80),3, IF(AND(SIGN('🎯 Palpites'!R81-'🎯 Palpites'!S81)=SIGN('⚽ Jogos'!F80-'⚽ Jogos'!H80),('🎯 Palpites'!R81-'🎯 Palpites'!S81)=('⚽ Jogos'!F80-'⚽ Jogos'!H80)),2, IF(SIGN('🎯 Palpites'!R81-'🎯 Palpites'!S81)=SIGN('⚽ Jogos'!F80-'⚽ Jogos'!H80),1, 0)))) | L81: =IF(OR(NOT(ISNUMBER('⚽ Jogos'!F80)),NOT(ISNUMBER('⚽ Jogos'!H80)),NOT(ISNUMBER('🎯 Palpites'!T81)),NOT(ISNUMBER('🎯 Palpites'!U81))),"", IF(AND('🎯 Palpites'!T81='⚽ Jogos'!F80,'🎯 Palpites'!U81='⚽ Jogos'!H80),3, IF(AND(SIGN('🎯 Palpites'!T81-'🎯 Palpites'!U81)=SIGN('⚽ Jogos'!F80-'⚽ Jogos'!H80),('🎯 Palpites'!T81-'🎯 Palpites'!U81)=('⚽ Jogos'!F80-'⚽ Jogos'!H80)),2, IF(SIGN('🎯 Palpites'!T81-'🎯 Palpites'!U81)=SIGN('⚽ Jogos'!F80-'⚽ Jogos'!H80),1, 0)))) | M81: =IF(OR(NOT(ISNUMBER('⚽ Jogos'!F80)),NOT(ISNUMBER('⚽ Jogos'!H80)),NOT(ISNUMBER('🎯 Palpites'!V81)),NOT(ISNUMBER('🎯 Palpites'!W81))),"", IF(AND('🎯 Palpites'!V81='⚽ Jogos'!F80,'🎯 Palpites'!W81='⚽ Jogos'!H80),3, IF(AND(SIGN('🎯 Palpites'!V81-'🎯 Palpites'!W81)=SIGN('⚽ Jogos'!F80-'⚽ Jogos'!H80),('🎯 Palpites'!V81-'🎯 Palpites'!W81)=('⚽ Jogos'!F80-'⚽ Jogos'!H80)),2, IF(SIGN('🎯 Palpites'!V81-'🎯 Palpites'!W81)=SIGN('⚽ Jogos'!F80-'⚽ Jogos'!H80),1, 0)))) | N81: =IF(OR(NOT(ISNUMBER('⚽ Jogos'!F80)),NOT(ISNUMBER('⚽ Jogos'!H80)),NOT(ISNUMBER('🎯 Palpites'!X81)),NOT(ISNUMBER('🎯 Palpites'!Y81))),"", IF(AND('🎯 Palpites'!X81='⚽ Jogos'!F80,'🎯 Palpites'!Y81='⚽ Jogos'!H80),3, IF(AND(SIGN('🎯 Palpites'!X81-'🎯 Palpites'!Y81)=SIGN('⚽ Jogos'!F80-'⚽ Jogos'!H80),('🎯 Palpites'!X81-'🎯 Palpites'!Y81)=('⚽ Jogos'!F80-'⚽ Jogos'!H80)),2, IF(SIGN('🎯 Palpites'!X81-'🎯 Palpites'!Y81)=SIGN('⚽ Jogos'!F80-'⚽ Jogos'!H80),1, 0)))) | O81: =IF(OR(NOT(ISNUMBER('⚽ Jogos'!F80)),NOT(ISNUMBER('⚽ Jogos'!H80)),NOT(ISNUMBER('🎯 Palpites (11-20)'!F81)),NOT(ISNUMBER('🎯 Palpites (11-20)'!G81))),"", IF(AND('🎯 Palpites (11-20)'!F81='⚽ Jogos'!F80,'🎯 Palpites (11-20)'!G81='⚽ Jogos'!H80),3, IF(AND(SIGN('🎯 Palpites (11-20)'!F81-'🎯 Palpites (11-20)'!G81)=SIGN('⚽ Jogos'!F80-'⚽ Jogos'!H80),('🎯 Palpites (11-20)'!F81-'🎯 Palpites (11-20)'!G81)=('⚽ Jogos'!F80-'⚽ Jogos'!H80)),2, IF(SIGN('🎯 Palpites (11-20)'!F81-'🎯 Palpites (11-20)'!G81)=SIGN('⚽ Jogos'!F80-'⚽ Jogos'!H80),1, 0)))) | P81: =IF(OR(NOT(ISNUMBER('⚽ Jogos'!F80)),NOT(ISNUMBER('⚽ Jogos'!H80)),NOT(ISNUMBER('🎯 Palpites (11-20)'!H81)),NOT(ISNUMBER('🎯 Palpites (11-20)'!I81))),"", IF(AND('🎯 Palpites (11-20)'!H81='⚽ Jogos'!F80,'🎯 Palpites (11-20)'!I81='⚽ Jogos'!H80),3, IF(AND(SIGN('🎯 Palpites (11-20)'!H81-'🎯 Palpites (11-20)'!I81)=SIGN('⚽ Jogos'!F80-'⚽ Jogos'!H80),('🎯 Palpites (11-20)'!H81-'🎯 Palpites (11-20)'!I81)=('⚽ Jogos'!F80-'⚽ Jogos'!H80)),2, IF(SIGN('🎯 Palpites (11-20)'!H81-'🎯 Palpites (11-20)'!I81)=SIGN('⚽ Jogos'!F80-'⚽ Jogos'!H80),1, 0)))) | Q81: =IF(OR(NOT(ISNUMBER('⚽ Jogos'!F80)),NOT(ISNUMBER('⚽ Jogos'!H80)),NOT(ISNUMBER('🎯 Palpites (11-20)'!J81)),NOT(ISNUMBER('🎯 Palpites (11-20)'!K81))),"", IF(AND('🎯 Palpites (11-20)'!J81='⚽ Jogos'!F80,'🎯 Palpites (11-20)'!K81='⚽ Jogos'!H80),3, IF(AND(SIGN('🎯 Palpites (11-20)'!J81-'🎯 Palpites (11-20)'!K81)=SIGN('⚽ Jogos'!F80-'⚽ Jogos'!H80),('🎯 Palpites (11-20)'!J81-'🎯 Palpites (11-20)'!K81)=('⚽ Jogos'!F80-'⚽ Jogos'!H80)),2, IF(SIGN('🎯 Palpites (11-20)'!J81-'🎯 Palpites (11-20)'!K81)=SIGN('⚽ Jogos'!F80-'⚽ Jogos'!H80),1, 0)))) | R81: =IF(OR(NOT(ISNUMBER('⚽ Jogos'!F80)),NOT(ISNUMBER('⚽ Jogos'!H80)),NOT(ISNUMBER('🎯 Palpites (11-20)'!L81)),NOT(ISNUMBER('🎯 Palpites (11-20)'!M81))),"", IF(AND('🎯 Palpites (11-20)'!L81='⚽ Jogos'!F80,'🎯 Palpites (11-20)'!M81='⚽ Jogos'!H80),3, IF(AND(SIGN('🎯 Palpites (11-20)'!L81-'🎯 Palpites (11-20)'!M81)=SIGN('⚽ Jogos'!F80-'⚽ Jogos'!H80),('🎯 Palpites (11-20)'!L81-'🎯 Palpites (11-20)'!M81)=('⚽ Jogos'!F80-'⚽ Jogos'!H80)),2, IF(SIGN('🎯 Palpites (11-20)'!L81-'🎯 Palpites (11-20)'!M81)=SIGN('⚽ Jogos'!F80-'⚽ Jogos'!H80),1, 0)))) | S81: =IF(OR(NOT(ISNUMBER('⚽ Jogos'!F80)),NOT(ISNUMBER('⚽ Jogos'!H80)),NOT(ISNUMBER('🎯 Palpites (11-20)'!N81)),NOT(ISNUMBER('🎯 Palpites (11-20)'!O81))),"", IF(AND('🎯 Palpites (11-20)'!N81='⚽ Jogos'!F80,'🎯 Palpites (11-20)'!O81='⚽ Jogos'!H80),3, IF(AND(SIGN('🎯 Palpites (11-20)'!N81-'🎯 Palpites (11-20)'!O81)=SIGN('⚽ Jogos'!F80-'⚽ Jogos'!H80),('🎯 Palpites (11-20)'!N81-'🎯 Palpites (11-20)'!O81)=('⚽ Jogos'!F80-'⚽ Jogos'!H80)),2, IF(SIGN('🎯 Palpites (11-20)'!N81-'🎯 Palpites (11-20)'!O81)=SIGN('⚽ Jogos'!F80-'⚽ Jogos'!H80),1, 0)))) | T81: =IF(OR(NOT(ISNUMBER('⚽ Jogos'!F80)),NOT(ISNUMBER('⚽ Jogos'!H80)),NOT(ISNUMBER('🎯 Palpites (11-20)'!P81)),NOT(ISNUMBER('🎯 Palpites (11-20)'!Q81))),"", IF(AND('🎯 Palpites (11-20)'!P81='⚽ Jogos'!F80,'🎯 Palpites (11-20)'!Q81='⚽ Jogos'!H80),3, IF(AND(SIGN('🎯 Palpites (11-20)'!P81-'🎯 Palpites (11-20)'!Q81)=SIGN('⚽ Jogos'!F80-'⚽ Jogos'!H80),('🎯 Palpites (11-20)'!P81-'🎯 Palpites (11-20)'!Q81)=('⚽ Jogos'!F80-'⚽ Jogos'!H80)),2, IF(SIGN('🎯 Palpites (11-20)'!P81-'🎯 Palpites (11-20)'!Q81)=SIGN('⚽ Jogos'!F80-'⚽ Jogos'!H80),1, 0)))) | U81: =IF(OR(NOT(ISNUMBER('⚽ Jogos'!F80)),NOT(ISNUMBER('⚽ Jogos'!H80)),NOT(ISNUMBER('🎯 Palpites (11-20)'!R81)),NOT(ISNUMBER('🎯 Palpites (11-20)'!S81))),"", IF(AND('🎯 Palpites (11-20)'!R81='⚽ Jogos'!F80,'🎯 Palpites (11-20)'!S81='⚽ Jogos'!H80),3, IF(AND(SIGN('🎯 Palpites (11-20)'!R81-'🎯 Palpites (11-20)'!S81)=SIGN('⚽ Jogos'!F80-'⚽ Jogos'!H80),('🎯 Palpites (11-20)'!R81-'🎯 Palpites (11-20)'!S81)=('⚽ Jogos'!F80-'⚽ Jogos'!H80)),2, IF(SIGN('🎯 Palpites (11-20)'!R81-'🎯 Palpites (11-20)'!S81)=SIGN('⚽ Jogos'!F80-'⚽ Jogos'!H80),1, 0)))) | V81: =IF(OR(NOT(ISNUMBER('⚽ Jogos'!F80)),NOT(ISNUMBER('⚽ Jogos'!H80)),NOT(ISNUMBER('🎯 Palpites (11-20)'!T81)),NOT(ISNUMBER('🎯 Palpites (11-20)'!U81))),"", IF(AND('🎯 Palpites (11-20)'!T81='⚽ Jogos'!F80,'🎯 Palpites (11-20)'!U81='⚽ Jogos'!H80),3, IF(AND(SIGN('🎯 Palpites (11-20)'!T81-'🎯 Palpites (11-20)'!U81)=SIGN('⚽ Jogos'!F80-'⚽ Jogos'!H80),('🎯 Palpites (11-20)'!T81-'🎯 Palpites (11-20)'!U81)=('⚽ Jogos'!F80-'⚽ Jogos'!H80)),2, IF(SIGN('🎯 Palpites (11-20)'!T81-'🎯 Palpites (11-20)'!U81)=SIGN('⚽ Jogos'!F80-'⚽ Jogos'!H80),1, 0)))) | W81: =IF(OR(NOT(ISNUMBER('⚽ Jogos'!F80)),NOT(ISNUMBER('⚽ Jogos'!H80)),NOT(ISNUMBER('🎯 Palpites (11-20)'!V81)),NOT(ISNUMBER('🎯 Palpites (11-20)'!W81))),"", IF(AND('🎯 Palpites (11-20)'!V81='⚽ Jogos'!F80,'🎯 Palpites (11-20)'!W81='⚽ Jogos'!H80),3, IF(AND(SIGN('🎯 Palpites (11-20)'!V81-'🎯 Palpites (11-20)'!W81)=SIGN('⚽ Jogos'!F80-'⚽ Jogos'!H80),('🎯 Palpites (11-20)'!V81-'🎯 Palpites (11-20)'!W81)=('⚽ Jogos'!F80-'⚽ Jogos'!H80)),2, IF(SIGN('🎯 Palpites (11-20)'!V81-'🎯 Palpites (11-20)'!W81)=SIGN('⚽ Jogos'!F80-'⚽ Jogos'!H80),1, 0)))) | X81: =IF(OR(NOT(ISNUMBER('⚽ Jogos'!F80)),NOT(ISNUMBER('⚽ Jogos'!H80)),NOT(ISNUMBER('🎯 Palpites (11-20)'!X81)),NOT(ISNUMBER('🎯 Palpites (11-20)'!Y81))),"", IF(AND('🎯 Palpites (11-20)'!X81='⚽ Jogos'!F80,'🎯 Palpites (11-20)'!Y81='⚽ Jogos'!H80),3, IF(AND(SIGN('🎯 Palpites (11-20)'!X81-'🎯 Palpites (11-20)'!Y81)=SIGN('⚽ Jogos'!F80-'⚽ Jogos'!H80),('🎯 Palpites (11-20)'!X81-'🎯 Palpites (11-20)'!Y81)=('⚽ Jogos'!F80-'⚽ Jogos'!H80)),2, IF(SIGN('🎯 Palpites (11-20)'!X81-'🎯 Palpites (11-20)'!Y81)=SIGN('⚽ Jogos'!F80-'⚽ Jogos'!H80),1, 0))))
B82: 74 | C82: Vencedor do Grupo E | D82: Terceiro colocado dos Grupos A/B/C/D/F | E82: =IF(OR(NOT(ISNUMBER('⚽ Jogos'!F81)),NOT(ISNUMBER('⚽ Jogos'!H81)),NOT(ISNUMBER('🎯 Palpites'!F82)),NOT(ISNUMBER('🎯 Palpites'!G82))),"", IF(AND('🎯 Palpites'!F82='⚽ Jogos'!F81,'🎯 Palpites'!G82='⚽ Jogos'!H81),3, IF(AND(SIGN('🎯 Palpites'!F82-'🎯 Palpites'!G82)=SIGN('⚽ Jogos'!F81-'⚽ Jogos'!H81),('🎯 Palpites'!F82-'🎯 Palpites'!G82)=('⚽ Jogos'!F81-'⚽ Jogos'!H81)),2, IF(SIGN('🎯 Palpites'!F82-'🎯 Palpites'!G82)=SIGN('⚽ Jogos'!F81-'⚽ Jogos'!H81),1, 0)))) | F82: =IF(OR(NOT(ISNUMBER('⚽ Jogos'!F81)),NOT(ISNUMBER('⚽ Jogos'!H81)),NOT(ISNUMBER('🎯 Palpites'!H82)),NOT(ISNUMBER('🎯 Palpites'!I82))),"", IF(AND('🎯 Palpites'!H82='⚽ Jogos'!F81,'🎯 Palpites'!I82='⚽ Jogos'!H81),3, IF(AND(SIGN('🎯 Palpites'!H82-'🎯 Palpites'!I82)=SIGN('⚽ Jogos'!F81-'⚽ Jogos'!H81),('🎯 Palpites'!H82-'🎯 Palpites'!I82)=('⚽ Jogos'!F81-'⚽ Jogos'!H81)),2, IF(SIGN('🎯 Palpites'!H82-'🎯 Palpites'!I82)=SIGN('⚽ Jogos'!F81-'⚽ Jogos'!H81),1, 0)))) | G82: =IF(OR(NOT(ISNUMBER('⚽ Jogos'!F81)),NOT(ISNUMBER('⚽ Jogos'!H81)),NOT(ISNUMBER('🎯 Palpites'!J82)),NOT(ISNUMBER('🎯 Palpites'!K82))),"", IF(AND('🎯 Palpites'!J82='⚽ Jogos'!F81,'🎯 Palpites'!K82='⚽ Jogos'!H81),3, IF(AND(SIGN('🎯 Palpites'!J82-'🎯 Palpites'!K82)=SIGN('⚽ Jogos'!F81-'⚽ Jogos'!H81),('🎯 Palpites'!J82-'🎯 Palpites'!K82)=('⚽ Jogos'!F81-'⚽ Jogos'!H81)),2, IF(SIGN('🎯 Palpites'!J82-'🎯 Palpites'!K82)=SIGN('⚽ Jogos'!F81-'⚽ Jogos'!H81),1, 0)))) | H82: =IF(OR(NOT(ISNUMBER('⚽ Jogos'!F81)),NOT(ISNUMBER('⚽ Jogos'!H81)),NOT(ISNUMBER('🎯 Palpites'!L82)),NOT(ISNUMBER('🎯 Palpites'!M82))),"", IF(AND('🎯 Palpites'!L82='⚽ Jogos'!F81,'🎯 Palpites'!M82='⚽ Jogos'!H81),3, IF(AND(SIGN('🎯 Palpites'!L82-'🎯 Palpites'!M82)=SIGN('⚽ Jogos'!F81-'⚽ Jogos'!H81),('🎯 Palpites'!L82-'🎯 Palpites'!M82)=('⚽ Jogos'!F81-'⚽ Jogos'!H81)),2, IF(SIGN('🎯 Palpites'!L82-'🎯 Palpites'!M82)=SIGN('⚽ Jogos'!F81-'⚽ Jogos'!H81),1, 0)))) | I82: =IF(OR(NOT(ISNUMBER('⚽ Jogos'!F81)),NOT(ISNUMBER('⚽ Jogos'!H81)),NOT(ISNUMBER('🎯 Palpites'!N82)),NOT(ISNUMBER('🎯 Palpites'!O82))),"", IF(AND('🎯 Palpites'!N82='⚽ Jogos'!F81,'🎯 Palpites'!O82='⚽ Jogos'!H81),3, IF(AND(SIGN('🎯 Palpites'!N82-'🎯 Palpites'!O82)=SIGN('⚽ Jogos'!F81-'⚽ Jogos'!H81),('🎯 Palpites'!N82-'🎯 Palpites'!O82)=('⚽ Jogos'!F81-'⚽ Jogos'!H81)),2, IF(SIGN('🎯 Palpites'!N82-'🎯 Palpites'!O82)=SIGN('⚽ Jogos'!F81-'⚽ Jogos'!H81),1, 0)))) | J82: =IF(OR(NOT(ISNUMBER('⚽ Jogos'!F81)),NOT(ISNUMBER('⚽ Jogos'!H81)),NOT(ISNUMBER('🎯 Palpites'!P82)),NOT(ISNUMBER('🎯 Palpites'!Q82))),"", IF(AND('🎯 Palpites'!P82='⚽ Jogos'!F81,'🎯 Palpites'!Q82='⚽ Jogos'!H81),3, IF(AND(SIGN('🎯 Palpites'!P82-'🎯 Palpites'!Q82)=SIGN('⚽ Jogos'!F81-'⚽ Jogos'!H81),('🎯 Palpites'!P82-'🎯 Palpites'!Q82)=('⚽ Jogos'!F81-'⚽ Jogos'!H81)),2, IF(SIGN('🎯 Palpites'!P82-'🎯 Palpites'!Q82)=SIGN('⚽ Jogos'!F81-'⚽ Jogos'!H81),1, 0)))) | K82: =IF(OR(NOT(ISNUMBER('⚽ Jogos'!F81)),NOT(ISNUMBER('⚽ Jogos'!H81)),NOT(ISNUMBER('🎯 Palpites'!R82)),NOT(ISNUMBER('🎯 Palpites'!S82))),"", IF(AND('🎯 Palpites'!R82='⚽ Jogos'!F81,'🎯 Palpites'!S82='⚽ Jogos'!H81),3, IF(AND(SIGN('🎯 Palpites'!R82-'🎯 Palpites'!S82)=SIGN('⚽ Jogos'!F81-'⚽ Jogos'!H81),('🎯 Palpites'!R82-'🎯 Palpites'!S82)=('⚽ Jogos'!F81-'⚽ Jogos'!H81)),2, IF(SIGN('🎯 Palpites'!R82-'🎯 Palpites'!S82)=SIGN('⚽ Jogos'!F81-'⚽ Jogos'!H81),1, 0)))) | L82: =IF(OR(NOT(ISNUMBER('⚽ Jogos'!F81)),NOT(ISNUMBER('⚽ Jogos'!H81)),NOT(ISNUMBER('🎯 Palpites'!T82)),NOT(ISNUMBER('🎯 Palpites'!U82))),"", IF(AND('🎯 Palpites'!T82='⚽ Jogos'!F81,'🎯 Palpites'!U82='⚽ Jogos'!H81),3, IF(AND(SIGN('🎯 Palpites'!T82-'🎯 Palpites'!U82)=SIGN('⚽ Jogos'!F81-'⚽ Jogos'!H81),('🎯 Palpites'!T82-'🎯 Palpites'!U82)=('⚽ Jogos'!F81-'⚽ Jogos'!H81)),2, IF(SIGN('🎯 Palpites'!T82-'🎯 Palpites'!U82)=SIGN('⚽ Jogos'!F81-'⚽ Jogos'!H81),1, 0)))) | M82: =IF(OR(NOT(ISNUMBER('⚽ Jogos'!F81)),NOT(ISNUMBER('⚽ Jogos'!H81)),NOT(ISNUMBER('🎯 Palpites'!V82)),NOT(ISNUMBER('🎯 Palpites'!W82))),"", IF(AND('🎯 Palpites'!V82='⚽ Jogos'!F81,'🎯 Palpites'!W82='⚽ Jogos'!H81),3, IF(AND(SIGN('🎯 Palpites'!V82-'🎯 Palpites'!W82)=SIGN('⚽ Jogos'!F81-'⚽ Jogos'!H81),('🎯 Palpites'!V82-'🎯 Palpites'!W82)=('⚽ Jogos'!F81-'⚽ Jogos'!H81)),2, IF(SIGN('🎯 Palpites'!V82-'🎯 Palpites'!W82)=SIGN('⚽ Jogos'!F81-'⚽ Jogos'!H81),1, 0)))) | N82: =IF(OR(NOT(ISNUMBER('⚽ Jogos'!F81)),NOT(ISNUMBER('⚽ Jogos'!H81)),NOT(ISNUMBER('🎯 Palpites'!X82)),NOT(ISNUMBER('🎯 Palpites'!Y82))),"", IF(AND('🎯 Palpites'!X82='⚽ Jogos'!F81,'🎯 Palpites'!Y82='⚽ Jogos'!H81),3, IF(AND(SIGN('🎯 Palpites'!X82-'🎯 Palpites'!Y82)=SIGN('⚽ Jogos'!F81-'⚽ Jogos'!H81),('🎯 Palpites'!X82-'🎯 Palpites'!Y82)=('⚽ Jogos'!F81-'⚽ Jogos'!H81)),2, IF(SIGN('🎯 Palpites'!X82-'🎯 Palpites'!Y82)=SIGN('⚽ Jogos'!F81-'⚽ Jogos'!H81),1, 0)))) | O82: =IF(OR(NOT(ISNUMBER('⚽ Jogos'!F81)),NOT(ISNUMBER('⚽ Jogos'!H81)),NOT(ISNUMBER('🎯 Palpites (11-20)'!F82)),NOT(ISNUMBER('🎯 Palpites (11-20)'!G82))),"", IF(AND('🎯 Palpites (11-20)'!F82='⚽ Jogos'!F81,'🎯 Palpites (11-20)'!G82='⚽ Jogos'!H81),3, IF(AND(SIGN('🎯 Palpites (11-20)'!F82-'🎯 Palpites (11-20)'!G82)=SIGN('⚽ Jogos'!F81-'⚽ Jogos'!H81),('🎯 Palpites (11-20)'!F82-'🎯 Palpites (11-20)'!G82)=('⚽ Jogos'!F81-'⚽ Jogos'!H81)),2, IF(SIGN('🎯 Palpites (11-20)'!F82-'🎯 Palpites (11-20)'!G82)=SIGN('⚽ Jogos'!F81-'⚽ Jogos'!H81),1, 0)))) | P82: =IF(OR(NOT(ISNUMBER('⚽ Jogos'!F81)),NOT(ISNUMBER('⚽ Jogos'!H81)),NOT(ISNUMBER('🎯 Palpites (11-20)'!H82)),NOT(ISNUMBER('🎯 Palpites (11-20)'!I82))),"", IF(AND('🎯 Palpites (11-20)'!H82='⚽ Jogos'!F81,'🎯 Palpites (11-20)'!I82='⚽ Jogos'!H81),3, IF(AND(SIGN('🎯 Palpites (11-20)'!H82-'🎯 Palpites (11-20)'!I82)=SIGN('⚽ Jogos'!F81-'⚽ Jogos'!H81),('🎯 Palpites (11-20)'!H82-'🎯 Palpites (11-20)'!I82)=('⚽ Jogos'!F81-'⚽ Jogos'!H81)),2, IF(SIGN('🎯 Palpites (11-20)'!H82-'🎯 Palpites (11-20)'!I82)=SIGN('⚽ Jogos'!F81-'⚽ Jogos'!H81),1, 0)))) | Q82: =IF(OR(NOT(ISNUMBER('⚽ Jogos'!F81)),NOT(ISNUMBER('⚽ Jogos'!H81)),NOT(ISNUMBER('🎯 Palpites (11-20)'!J82)),NOT(ISNUMBER('🎯 Palpites (11-20)'!K82))),"", IF(AND('🎯 Palpites (11-20)'!J82='⚽ Jogos'!F81,'🎯 Palpites (11-20)'!K82='⚽ Jogos'!H81),3, IF(AND(SIGN('🎯 Palpites (11-20)'!J82-'🎯 Palpites (11-20)'!K82)=SIGN('⚽ Jogos'!F81-'⚽ Jogos'!H81),('🎯 Palpites (11-20)'!J82-'🎯 Palpites (11-20)'!K82)=('⚽ Jogos'!F81-'⚽ Jogos'!H81)),2, IF(SIGN('🎯 Palpites (11-20)'!J82-'🎯 Palpites (11-20)'!K82)=SIGN('⚽ Jogos'!F81-'⚽ Jogos'!H81),1, 0)))) | R82: =IF(OR(NOT(ISNUMBER('⚽ Jogos'!F81)),NOT(ISNUMBER('⚽ Jogos'!H81)),NOT(ISNUMBER('🎯 Palpites (11-20)'!L82)),NOT(ISNUMBER('🎯 Palpites (11-20)'!M82))),"", IF(AND('🎯 Palpites (11-20)'!L82='⚽ Jogos'!F81,'🎯 Palpites (11-20)'!M82='⚽ Jogos'!H81),3, IF(AND(SIGN('🎯 Palpites (11-20)'!L82-'🎯 Palpites (11-20)'!M82)=SIGN('⚽ Jogos'!F81-'⚽ Jogos'!H81),('🎯 Palpites (11-20)'!L82-'🎯 Palpites (11-20)'!M82)=('⚽ Jogos'!F81-'⚽ Jogos'!H81)),2, IF(SIGN('🎯 Palpites (11-20)'!L82-'🎯 Palpites (11-20)'!M82)=SIGN('⚽ Jogos'!F81-'⚽ Jogos'!H81),1, 0)))) | S82: =IF(OR(NOT(ISNUMBER('⚽ Jogos'!F81)),NOT(ISNUMBER('⚽ Jogos'!H81)),NOT(ISNUMBER('🎯 Palpites (11-20)'!N82)),NOT(ISNUMBER('🎯 Palpites (11-20)'!O82))),"", IF(AND('🎯 Palpites (11-20)'!N82='⚽ Jogos'!F81,'🎯 Palpites (11-20)'!O82='⚽ Jogos'!H81),3, IF(AND(SIGN('🎯 Palpites (11-20)'!N82-'🎯 Palpites (11-20)'!O82)=SIGN('⚽ Jogos'!F81-'⚽ Jogos'!H81),('🎯 Palpites (11-20)'!N82-'🎯 Palpites (11-20)'!O82)=('⚽ Jogos'!F81-'⚽ Jogos'!H81)),2, IF(SIGN('🎯 Palpites (11-20)'!N82-'🎯 Palpites (11-20)'!O82)=SIGN('⚽ Jogos'!F81-'⚽ Jogos'!H81),1, 0)))) | T82: =IF(OR(NOT(ISNUMBER('⚽ Jogos'!F81)),NOT(ISNUMBER('⚽ Jogos'!H81)),NOT(ISNUMBER('🎯 Palpites (11-20)'!P82)),NOT(ISNUMBER('🎯 Palpites (11-20)'!Q82))),"", IF(AND('🎯 Palpites (11-20)'!P82='⚽ Jogos'!F81,'🎯 Palpites (11-20)'!Q82='⚽ Jogos'!H81),3, IF(AND(SIGN('🎯 Palpites (11-20)'!P82-'🎯 Palpites (11-20)'!Q82)=SIGN('⚽ Jogos'!F81-'⚽ Jogos'!H81),('🎯 Palpites (11-20)'!P82-'🎯 Palpites (11-20)'!Q82)=('⚽ Jogos'!F81-'⚽ Jogos'!H81)),2, IF(SIGN('🎯 Palpites (11-20)'!P82-'🎯 Palpites (11-20)'!Q82)=SIGN('⚽ Jogos'!F81-'⚽ Jogos'!H81),1, 0)))) | U82: =IF(OR(NOT(ISNUMBER('⚽ Jogos'!F81)),NOT(ISNUMBER('⚽ Jogos'!H81)),NOT(ISNUMBER('🎯 Palpites (11-20)'!R82)),NOT(ISNUMBER('🎯 Palpites (11-20)'!S82))),"", IF(AND('🎯 Palpites (11-20)'!R82='⚽ Jogos'!F81,'🎯 Palpites (11-20)'!S82='⚽ Jogos'!H81),3, IF(AND(SIGN('🎯 Palpites (11-20)'!R82-'🎯 Palpites (11-20)'!S82)=SIGN('⚽ Jogos'!F81-'⚽ Jogos'!H81),('🎯 Palpites (11-20)'!R82-'🎯 Palpites (11-20)'!S82)=('⚽ Jogos'!F81-'⚽ Jogos'!H81)),2, IF(SIGN('🎯 Palpites (11-20)'!R82-'🎯 Palpites (11-20)'!S82)=SIGN('⚽ Jogos'!F81-'⚽ Jogos'!H81),1, 0)))) | V82: =IF(OR(NOT(ISNUMBER('⚽ Jogos'!F81)),NOT(ISNUMBER('⚽ Jogos'!H81)),NOT(ISNUMBER('🎯 Palpites (11-20)'!T82)),NOT(ISNUMBER('🎯 Palpites (11-20)'!U82))),"", IF(AND('🎯 Palpites (11-20)'!T82='⚽ Jogos'!F81,'🎯 Palpites (11-20)'!U82='⚽ Jogos'!H81),3, IF(AND(SIGN('🎯 Palpites (11-20)'!T82-'🎯 Palpites (11-20)'!U82)=SIGN('⚽ Jogos'!F81-'⚽ Jogos'!H81),('🎯 Palpites (11-20)'!T82-'🎯 Palpites (11-20)'!U82)=('⚽ Jogos'!F81-'⚽ Jogos'!H81)),2, IF(SIGN('🎯 Palpites (11-20)'!T82-'🎯 Palpites (11-20)'!U82)=SIGN('⚽ Jogos'!F81-'⚽ Jogos'!H81),1, 0)))) | W82: =IF(OR(NOT(ISNUMBER('⚽ Jogos'!F81)),NOT(ISNUMBER('⚽ Jogos'!H81)),NOT(ISNUMBER('🎯 Palpites (11-20)'!V82)),NOT(ISNUMBER('🎯 Palpites (11-20)'!W82))),"", IF(AND('🎯 Palpites (11-20)'!V82='⚽ Jogos'!F81,'🎯 Palpites (11-20)'!W82='⚽ Jogos'!H81),3, IF(AND(SIGN('🎯 Palpites (11-20)'!V82-'🎯 Palpites (11-20)'!W82)=SIGN('⚽ Jogos'!F81-'⚽ Jogos'!H81),('🎯 Palpites (11-20)'!V82-'🎯 Palpites (11-20)'!W82)=('⚽ Jogos'!F81-'⚽ Jogos'!H81)),2, IF(SIGN('🎯 Palpites (11-20)'!V82-'🎯 Palpites (11-20)'!W82)=SIGN('⚽ Jogos'!F81-'⚽ Jogos'!H81),1, 0)))) | X82: =IF(OR(NOT(ISNUMBER('⚽ Jogos'!F81)),NOT(ISNUMBER('⚽ Jogos'!H81)),NOT(ISNUMBER('🎯 Palpites (11-20)'!X82)),NOT(ISNUMBER('🎯 Palpites (11-20)'!Y82))),"", IF(AND('🎯 Palpites (11-20)'!X82='⚽ Jogos'!F81,'🎯 Palpites (11-20)'!Y82='⚽ Jogos'!H81),3, IF(AND(SIGN('🎯 Palpites (11-20)'!X82-'🎯 Palpites (11-20)'!Y82)=SIGN('⚽ Jogos'!F81-'⚽ Jogos'!H81),('🎯 Palpites (11-20)'!X82-'🎯 Palpites (11-20)'!Y82)=('⚽ Jogos'!F81-'⚽ Jogos'!H81)),2, IF(SIGN('🎯 Palpites (11-20)'!X82-'🎯 Palpites (11-20)'!Y82)=SIGN('⚽ Jogos'!F81-'⚽ Jogos'!H81),1, 0))))
B83: 75 | C83: Vencedor do Grupo F | D83: Segundo colocado do Grupo C | E83: =IF(OR(NOT(ISNUMBER('⚽ Jogos'!F82)),NOT(ISNUMBER('⚽ Jogos'!H82)),NOT(ISNUMBER('🎯 Palpites'!F83)),NOT(ISNUMBER('🎯 Palpites'!G83))),"", IF(AND('🎯 Palpites'!F83='⚽ Jogos'!F82,'🎯 Palpites'!G83='⚽ Jogos'!H82),3, IF(AND(SIGN('🎯 Palpites'!F83-'🎯 Palpites'!G83)=SIGN('⚽ Jogos'!F82-'⚽ Jogos'!H82),('🎯 Palpites'!F83-'🎯 Palpites'!G83)=('⚽ Jogos'!F82-'⚽ Jogos'!H82)),2, IF(SIGN('🎯 Palpites'!F83-'🎯 Palpites'!G83)=SIGN('⚽ Jogos'!F82-'⚽ Jogos'!H82),1, 0)))) | F83: =IF(OR(NOT(ISNUMBER('⚽ Jogos'!F82)),NOT(ISNUMBER('⚽ Jogos'!H82)),NOT(ISNUMBER('🎯 Palpites'!H83)),NOT(ISNUMBER('🎯 Palpites'!I83))),"", IF(AND('🎯 Palpites'!H83='⚽ Jogos'!F82,'🎯 Palpites'!I83='⚽ Jogos'!H82),3, IF(AND(SIGN('🎯 Palpites'!H83-'🎯 Palpites'!I83)=SIGN('⚽ Jogos'!F82-'⚽ Jogos'!H82),('🎯 Palpites'!H83-'🎯 Palpites'!I83)=('⚽ Jogos'!F82-'⚽ Jogos'!H82)),2, IF(SIGN('🎯 Palpites'!H83-'🎯 Palpites'!I83)=SIGN('⚽ Jogos'!F82-'⚽ Jogos'!H82),1, 0)))) | G83: =IF(OR(NOT(ISNUMBER('⚽ Jogos'!F82)),NOT(ISNUMBER('⚽ Jogos'!H82)),NOT(ISNUMBER('🎯 Palpites'!J83)),NOT(ISNUMBER('🎯 Palpites'!K83))),"", IF(AND('🎯 Palpites'!J83='⚽ Jogos'!F82,'🎯 Palpites'!K83='⚽ Jogos'!H82),3, IF(AND(SIGN('🎯 Palpites'!J83-'🎯 Palpites'!K83)=SIGN('⚽ Jogos'!F82-'⚽ Jogos'!H82),('🎯 Palpites'!J83-'🎯 Palpites'!K83)=('⚽ Jogos'!F82-'⚽ Jogos'!H82)),2, IF(SIGN('🎯 Palpites'!J83-'🎯 Palpites'!K83)=SIGN('⚽ Jogos'!F82-'⚽ Jogos'!H82),1, 0)))) | H83: =IF(OR(NOT(ISNUMBER('⚽ Jogos'!F82)),NOT(ISNUMBER('⚽ Jogos'!H82)),NOT(ISNUMBER('🎯 Palpites'!L83)),NOT(ISNUMBER('🎯 Palpites'!M83))),"", IF(AND('🎯 Palpites'!L83='⚽ Jogos'!F82,'🎯 Palpites'!M83='⚽ Jogos'!H82),3, IF(AND(SIGN('🎯 Palpites'!L83-'🎯 Palpites'!M83)=SIGN('⚽ Jogos'!F82-'⚽ Jogos'!H82),('🎯 Palpites'!L83-'🎯 Palpites'!M83)=('⚽ Jogos'!F82-'⚽ Jogos'!H82)),2, IF(SIGN('🎯 Palpites'!L83-'🎯 Palpites'!M83)=SIGN('⚽ Jogos'!F82-'⚽ Jogos'!H82),1, 0)))) | I83: =IF(OR(NOT(ISNUMBER('⚽ Jogos'!F82)),NOT(ISNUMBER('⚽ Jogos'!H82)),NOT(ISNUMBER('🎯 Palpites'!N83)),NOT(ISNUMBER('🎯 Palpites'!O83))),"", IF(AND('🎯 Palpites'!N83='⚽ Jogos'!F82,'🎯 Palpites'!O83='⚽ Jogos'!H82),3, IF(AND(SIGN('🎯 Palpites'!N83-'🎯 Palpites'!O83)=SIGN('⚽ Jogos'!F82-'⚽ Jogos'!H82),('🎯 Palpites'!N83-'🎯 Palpites'!O83)=('⚽ Jogos'!F82-'⚽ Jogos'!H82)),2, IF(SIGN('🎯 Palpites'!N83-'🎯 Palpites'!O83)=SIGN('⚽ Jogos'!F82-'⚽ Jogos'!H82),1, 0)))) | J83: =IF(OR(NOT(ISNUMBER('⚽ Jogos'!F82)),NOT(ISNUMBER('⚽ Jogos'!H82)),NOT(ISNUMBER('🎯 Palpites'!P83)),NOT(ISNUMBER('🎯 Palpites'!Q83))),"", IF(AND('🎯 Palpites'!P83='⚽ Jogos'!F82,'🎯 Palpites'!Q83='⚽ Jogos'!H82),3, IF(AND(SIGN('🎯 Palpites'!P83-'🎯 Palpites'!Q83)=SIGN('⚽ Jogos'!F82-'⚽ Jogos'!H82),('🎯 Palpites'!P83-'🎯 Palpites'!Q83)=('⚽ Jogos'!F82-'⚽ Jogos'!H82)),2, IF(SIGN('🎯 Palpites'!P83-'🎯 Palpites'!Q83)=SIGN('⚽ Jogos'!F82-'⚽ Jogos'!H82),1, 0)))) | K83: =IF(OR(NOT(ISNUMBER('⚽ Jogos'!F82)),NOT(ISNUMBER('⚽ Jogos'!H82)),NOT(ISNUMBER('🎯 Palpites'!R83)),NOT(ISNUMBER('🎯 Palpites'!S83))),"", IF(AND('🎯 Palpites'!R83='⚽ Jogos'!F82,'🎯 Palpites'!S83='⚽ Jogos'!H82),3, IF(AND(SIGN('🎯 Palpites'!R83-'🎯 Palpites'!S83)=SIGN('⚽ Jogos'!F82-'⚽ Jogos'!H82),('🎯 Palpites'!R83-'🎯 Palpites'!S83)=('⚽ Jogos'!F82-'⚽ Jogos'!H82)),2, IF(SIGN('🎯 Palpites'!R83-'🎯 Palpites'!S83)=SIGN('⚽ Jogos'!F82-'⚽ Jogos'!H82),1, 0)))) | L83: =IF(OR(NOT(ISNUMBER('⚽ Jogos'!F82)),NOT(ISNUMBER('⚽ Jogos'!H82)),NOT(ISNUMBER('🎯 Palpites'!T83)),NOT(ISNUMBER('🎯 Palpites'!U83))),"", IF(AND('🎯 Palpites'!T83='⚽ Jogos'!F82,'🎯 Palpites'!U83='⚽ Jogos'!H82),3, IF(AND(SIGN('🎯 Palpites'!T83-'🎯 Palpites'!U83)=SIGN('⚽ Jogos'!F82-'⚽ Jogos'!H82),('🎯 Palpites'!T83-'🎯 Palpites'!U83)=('⚽ Jogos'!F82-'⚽ Jogos'!H82)),2, IF(SIGN('🎯 Palpites'!T83-'🎯 Palpites'!U83)=SIGN('⚽ Jogos'!F82-'⚽ Jogos'!H82),1, 0)))) | M83: =IF(OR(NOT(ISNUMBER('⚽ Jogos'!F82)),NOT(ISNUMBER('⚽ Jogos'!H82)),NOT(ISNUMBER('🎯 Palpites'!V83)),NOT(ISNUMBER('🎯 Palpites'!W83))),"", IF(AND('🎯 Palpites'!V83='⚽ Jogos'!F82,'🎯 Palpites'!W83='⚽ Jogos'!H82),3, IF(AND(SIGN('🎯 Palpites'!V83-'🎯 Palpites'!W83)=SIGN('⚽ Jogos'!F82-'⚽ Jogos'!H82),('🎯 Palpites'!V83-'🎯 Palpites'!W83)=('⚽ Jogos'!F82-'⚽ Jogos'!H82)),2, IF(SIGN('🎯 Palpites'!V83-'🎯 Palpites'!W83)=SIGN('⚽ Jogos'!F82-'⚽ Jogos'!H82),1, 0)))) | N83: =IF(OR(NOT(ISNUMBER('⚽ Jogos'!F82)),NOT(ISNUMBER('⚽ Jogos'!H82)),NOT(ISNUMBER('🎯 Palpites'!X83)),NOT(ISNUMBER('🎯 Palpites'!Y83))),"", IF(AND('🎯 Palpites'!X83='⚽ Jogos'!F82,'🎯 Palpites'!Y83='⚽ Jogos'!H82),3, IF(AND(SIGN('🎯 Palpites'!X83-'🎯 Palpites'!Y83)=SIGN('⚽ Jogos'!F82-'⚽ Jogos'!H82),('🎯 Palpites'!X83-'🎯 Palpites'!Y83)=('⚽ Jogos'!F82-'⚽ Jogos'!H82)),2, IF(SIGN('🎯 Palpites'!X83-'🎯 Palpites'!Y83)=SIGN('⚽ Jogos'!F82-'⚽ Jogos'!H82),1, 0)))) | O83: =IF(OR(NOT(ISNUMBER('⚽ Jogos'!F82)),NOT(ISNUMBER('⚽ Jogos'!H82)),NOT(ISNUMBER('🎯 Palpites (11-20)'!F83)),NOT(ISNUMBER('🎯 Palpites (11-20)'!G83))),"", IF(AND('🎯 Palpites (11-20)'!F83='⚽ Jogos'!F82,'🎯 Palpites (11-20)'!G83='⚽ Jogos'!H82),3, IF(AND(SIGN('🎯 Palpites (11-20)'!F83-'🎯 Palpites (11-20)'!G83)=SIGN('⚽ Jogos'!F82-'⚽ Jogos'!H82),('🎯 Palpites (11-20)'!F83-'🎯 Palpites (11-20)'!G83)=('⚽ Jogos'!F82-'⚽ Jogos'!H82)),2, IF(SIGN('🎯 Palpites (11-20)'!F83-'🎯 Palpites (11-20)'!G83)=SIGN('⚽ Jogos'!F82-'⚽ Jogos'!H82),1, 0)))) | P83: =IF(OR(NOT(ISNUMBER('⚽ Jogos'!F82)),NOT(ISNUMBER('⚽ Jogos'!H82)),NOT(ISNUMBER('🎯 Palpites (11-20)'!H83)),NOT(ISNUMBER('🎯 Palpites (11-20)'!I83))),"", IF(AND('🎯 Palpites (11-20)'!H83='⚽ Jogos'!F82,'🎯 Palpites (11-20)'!I83='⚽ Jogos'!H82),3, IF(AND(SIGN('🎯 Palpites (11-20)'!H83-'🎯 Palpites (11-20)'!I83)=SIGN('⚽ Jogos'!F82-'⚽ Jogos'!H82),('🎯 Palpites (11-20)'!H83-'🎯 Palpites (11-20)'!I83)=('⚽ Jogos'!F82-'⚽ Jogos'!H82)),2, IF(SIGN('🎯 Palpites (11-20)'!H83-'🎯 Palpites (11-20)'!I83)=SIGN('⚽ Jogos'!F82-'⚽ Jogos'!H82),1, 0)))) | Q83: =IF(OR(NOT(ISNUMBER('⚽ Jogos'!F82)),NOT(ISNUMBER('⚽ Jogos'!H82)),NOT(ISNUMBER('🎯 Palpites (11-20)'!J83)),NOT(ISNUMBER('🎯 Palpites (11-20)'!K83))),"", IF(AND('🎯 Palpites (11-20)'!J83='⚽ Jogos'!F82,'🎯 Palpites (11-20)'!K83='⚽ Jogos'!H82),3, IF(AND(SIGN('🎯 Palpites (11-20)'!J83-'🎯 Palpites (11-20)'!K83)=SIGN('⚽ Jogos'!F82-'⚽ Jogos'!H82),('🎯 Palpites (11-20)'!J83-'🎯 Palpites (11-20)'!K83)=('⚽ Jogos'!F82-'⚽ Jogos'!H82)),2, IF(SIGN('🎯 Palpites (11-20)'!J83-'🎯 Palpites (11-20)'!K83)=SIGN('⚽ Jogos'!F82-'⚽ Jogos'!H82),1, 0)))) | R83: =IF(OR(NOT(ISNUMBER('⚽ Jogos'!F82)),NOT(ISNUMBER('⚽ Jogos'!H82)),NOT(ISNUMBER('🎯 Palpites (11-20)'!L83)),NOT(ISNUMBER('🎯 Palpites (11-20)'!M83))),"", IF(AND('🎯 Palpites (11-20)'!L83='⚽ Jogos'!F82,'🎯 Palpites (11-20)'!M83='⚽ Jogos'!H82),3, IF(AND(SIGN('🎯 Palpites (11-20)'!L83-'🎯 Palpites (11-20)'!M83)=SIGN('⚽ Jogos'!F82-'⚽ Jogos'!H82),('🎯 Palpites (11-20)'!L83-'🎯 Palpites (11-20)'!M83)=('⚽ Jogos'!F82-'⚽ Jogos'!H82)),2, IF(SIGN('🎯 Palpites (11-20)'!L83-'🎯 Palpites (11-20)'!M83)=SIGN('⚽ Jogos'!F82-'⚽ Jogos'!H82),1, 0)))) | S83: =IF(OR(NOT(ISNUMBER('⚽ Jogos'!F82)),NOT(ISNUMBER('⚽ Jogos'!H82)),NOT(ISNUMBER('🎯 Palpites (11-20)'!N83)),NOT(ISNUMBER('🎯 Palpites (11-20)'!O83))),"", IF(AND('🎯 Palpites (11-20)'!N83='⚽ Jogos'!F82,'🎯 Palpites (11-20)'!O83='⚽ Jogos'!H82),3, IF(AND(SIGN('🎯 Palpites (11-20)'!N83-'🎯 Palpites (11-20)'!O83)=SIGN('⚽ Jogos'!F82-'⚽ Jogos'!H82),('🎯 Palpites (11-20)'!N83-'🎯 Palpites (11-20)'!O83)=('⚽ Jogos'!F82-'⚽ Jogos'!H82)),2, IF(SIGN('🎯 Palpites (11-20)'!N83-'🎯 Palpites (11-20)'!O83)=SIGN('⚽ Jogos'!F82-'⚽ Jogos'!H82),1, 0)))) | T83: =IF(OR(NOT(ISNUMBER('⚽ Jogos'!F82)),NOT(ISNUMBER('⚽ Jogos'!H82)),NOT(ISNUMBER('🎯 Palpites (11-20)'!P83)),NOT(ISNUMBER('🎯 Palpites (11-20)'!Q83))),"", IF(AND('🎯 Palpites (11-20)'!P83='⚽ Jogos'!F82,'🎯 Palpites (11-20)'!Q83='⚽ Jogos'!H82),3, IF(AND(SIGN('🎯 Palpites (11-20)'!P83-'🎯 Palpites (11-20)'!Q83)=SIGN('⚽ Jogos'!F82-'⚽ Jogos'!H82),('🎯 Palpites (11-20)'!P83-'🎯 Palpites (11-20)'!Q83)=('⚽ Jogos'!F82-'⚽ Jogos'!H82)),2, IF(SIGN('🎯 Palpites (11-20)'!P83-'🎯 Palpites (11-20)'!Q83)=SIGN('⚽ Jogos'!F82-'⚽ Jogos'!H82),1, 0)))) | U83: =IF(OR(NOT(ISNUMBER('⚽ Jogos'!F82)),NOT(ISNUMBER('⚽ Jogos'!H82)),NOT(ISNUMBER('🎯 Palpites (11-20)'!R83)),NOT(ISNUMBER('🎯 Palpites (11-20)'!S83))),"", IF(AND('🎯 Palpites (11-20)'!R83='⚽ Jogos'!F82,'🎯 Palpites (11-20)'!S83='⚽ Jogos'!H82),3, IF(AND(SIGN('🎯 Palpites (11-20)'!R83-'🎯 Palpites (11-20)'!S83)=SIGN('⚽ Jogos'!F82-'⚽ Jogos'!H82),('🎯 Palpites (11-20)'!R83-'🎯 Palpites (11-20)'!S83)=('⚽ Jogos'!F82-'⚽ Jogos'!H82)),2, IF(SIGN('🎯 Palpites (11-20)'!R83-'🎯 Palpites (11-20)'!S83)=SIGN('⚽ Jogos'!F82-'⚽ Jogos'!H82),1, 0)))) | V83: =IF(OR(NOT(ISNUMBER('⚽ Jogos'!F82)),NOT(ISNUMBER('⚽ Jogos'!H82)),NOT(ISNUMBER('🎯 Palpites (11-20)'!T83)),NOT(ISNUMBER('🎯 Palpites (11-20)'!U83))),"", IF(AND('🎯 Palpites (11-20)'!T83='⚽ Jogos'!F82,'🎯 Palpites (11-20)'!U83='⚽ Jogos'!H82),3, IF(AND(SIGN('🎯 Palpites (11-20)'!T83-'🎯 Palpites (11-20)'!U83)=SIGN('⚽ Jogos'!F82-'⚽ Jogos'!H82),('🎯 Palpites (11-20)'!T83-'🎯 Palpites (11-20)'!U83)=('⚽ Jogos'!F82-'⚽ Jogos'!H82)),2, IF(SIGN('🎯 Palpites (11-20)'!T83-'🎯 Palpites (11-20)'!U83)=SIGN('⚽ Jogos'!F82-'⚽ Jogos'!H82),1, 0)))) | W83: =IF(OR(NOT(ISNUMBER('⚽ Jogos'!F82)),NOT(ISNUMBER('⚽ Jogos'!H82)),NOT(ISNUMBER('🎯 Palpites (11-20)'!V83)),NOT(ISNUMBER('🎯 Palpites (11-20)'!W83))),"", IF(AND('🎯 Palpites (11-20)'!V83='⚽ Jogos'!F82,'🎯 Palpites (11-20)'!W83='⚽ Jogos'!H82),3, IF(AND(SIGN('🎯 Palpites (11-20)'!V83-'🎯 Palpites (11-20)'!W83)=SIGN('⚽ Jogos'!F82-'⚽ Jogos'!H82),('🎯 Palpites (11-20)'!V83-'🎯 Palpites (11-20)'!W83)=('⚽ Jogos'!F82-'⚽ Jogos'!H82)),2, IF(SIGN('🎯 Palpites (11-20)'!V83-'🎯 Palpites (11-20)'!W83)=SIGN('⚽ Jogos'!F82-'⚽ Jogos'!H82),1, 0)))) | X83: =IF(OR(NOT(ISNUMBER('⚽ Jogos'!F82)),NOT(ISNUMBER('⚽ Jogos'!H82)),NOT(ISNUMBER('🎯 Palpites (11-20)'!X83)),NOT(ISNUMBER('🎯 Palpites (11-20)'!Y83))),"", IF(AND('🎯 Palpites (11-20)'!X83='⚽ Jogos'!F82,'🎯 Palpites (11-20)'!Y83='⚽ Jogos'!H82),3, IF(AND(SIGN('🎯 Palpites (11-20)'!X83-'🎯 Palpites (11-20)'!Y83)=SIGN('⚽ Jogos'!F82-'⚽ Jogos'!H82),('🎯 Palpites (11-20)'!X83-'🎯 Palpites (11-20)'!Y83)=('⚽ Jogos'!F82-'⚽ Jogos'!H82)),2, IF(SIGN('🎯 Palpites (11-20)'!X83-'🎯 Palpites (11-20)'!Y83)=SIGN('⚽ Jogos'!F82-'⚽ Jogos'!H82),1, 0))))
B84: 76 | C84: Vencedor do Grupo C | D84: Segundo colocado do Grupo F | E84: =IF(OR(NOT(ISNUMBER('⚽ Jogos'!F83)),NOT(ISNUMBER('⚽ Jogos'!H83)),NOT(ISNUMBER('🎯 Palpites'!F84)),NOT(ISNUMBER('🎯 Palpites'!G84))),"", IF(AND('🎯 Palpites'!F84='⚽ Jogos'!F83,'🎯 Palpites'!G84='⚽ Jogos'!H83),3, IF(AND(SIGN('🎯 Palpites'!F84-'🎯 Palpites'!G84)=SIGN('⚽ Jogos'!F83-'⚽ Jogos'!H83),('🎯 Palpites'!F84-'🎯 Palpites'!G84)=('⚽ Jogos'!F83-'⚽ Jogos'!H83)),2, IF(SIGN('🎯 Palpites'!F84-'🎯 Palpites'!G84)=SIGN('⚽ Jogos'!F83-'⚽ Jogos'!H83),1, 0)))) | F84: =IF(OR(NOT(ISNUMBER('⚽ Jogos'!F83)),NOT(ISNUMBER('⚽ Jogos'!H83)),NOT(ISNUMBER('🎯 Palpites'!H84)),NOT(ISNUMBER('🎯 Palpites'!I84))),"", IF(AND('🎯 Palpites'!H84='⚽ Jogos'!F83,'🎯 Palpites'!I84='⚽ Jogos'!H83),3, IF(AND(SIGN('🎯 Palpites'!H84-'🎯 Palpites'!I84)=SIGN('⚽ Jogos'!F83-'⚽ Jogos'!H83),('🎯 Palpites'!H84-'🎯 Palpites'!I84)=('⚽ Jogos'!F83-'⚽ Jogos'!H83)),2, IF(SIGN('🎯 Palpites'!H84-'🎯 Palpites'!I84)=SIGN('⚽ Jogos'!F83-'⚽ Jogos'!H83),1, 0)))) | G84: =IF(OR(NOT(ISNUMBER('⚽ Jogos'!F83)),NOT(ISNUMBER('⚽ Jogos'!H83)),NOT(ISNUMBER('🎯 Palpites'!J84)),NOT(ISNUMBER('🎯 Palpites'!K84))),"", IF(AND('🎯 Palpites'!J84='⚽ Jogos'!F83,'🎯 Palpites'!K84='⚽ Jogos'!H83),3, IF(AND(SIGN('🎯 Palpites'!J84-'🎯 Palpites'!K84)=SIGN('⚽ Jogos'!F83-'⚽ Jogos'!H83),('🎯 Palpites'!J84-'🎯 Palpites'!K84)=('⚽ Jogos'!F83-'⚽ Jogos'!H83)),2, IF(SIGN('🎯 Palpites'!J84-'🎯 Palpites'!K84)=SIGN('⚽ Jogos'!F83-'⚽ Jogos'!H83),1, 0)))) | H84: =IF(OR(NOT(ISNUMBER('⚽ Jogos'!F83)),NOT(ISNUMBER('⚽ Jogos'!H83)),NOT(ISNUMBER('🎯 Palpites'!L84)),NOT(ISNUMBER('🎯 Palpites'!M84))),"", IF(AND('🎯 Palpites'!L84='⚽ Jogos'!F83,'🎯 Palpites'!M84='⚽ Jogos'!H83),3, IF(AND(SIGN('🎯 Palpites'!L84-'🎯 Palpites'!M84)=SIGN('⚽ Jogos'!F83-'⚽ Jogos'!H83),('🎯 Palpites'!L84-'🎯 Palpites'!M84)=('⚽ Jogos'!F83-'⚽ Jogos'!H83)),2, IF(SIGN('🎯 Palpites'!L84-'🎯 Palpites'!M84)=SIGN('⚽ Jogos'!F83-'⚽ Jogos'!H83),1, 0)))) | I84: =IF(OR(NOT(ISNUMBER('⚽ Jogos'!F83)),NOT(ISNUMBER('⚽ Jogos'!H83)),NOT(ISNUMBER('🎯 Palpites'!N84)),NOT(ISNUMBER('🎯 Palpites'!O84))),"", IF(AND('🎯 Palpites'!N84='⚽ Jogos'!F83,'🎯 Palpites'!O84='⚽ Jogos'!H83),3, IF(AND(SIGN('🎯 Palpites'!N84-'🎯 Palpites'!O84)=SIGN('⚽ Jogos'!F83-'⚽ Jogos'!H83),('🎯 Palpites'!N84-'🎯 Palpites'!O84)=('⚽ Jogos'!F83-'⚽ Jogos'!H83)),2, IF(SIGN('🎯 Palpites'!N84-'🎯 Palpites'!O84)=SIGN('⚽ Jogos'!F83-'⚽ Jogos'!H83),1, 0)))) | J84: =IF(OR(NOT(ISNUMBER('⚽ Jogos'!F83)),NOT(ISNUMBER('⚽ Jogos'!H83)),NOT(ISNUMBER('🎯 Palpites'!P84)),NOT(ISNUMBER('🎯 Palpites'!Q84))),"", IF(AND('🎯 Palpites'!P84='⚽ Jogos'!F83,'🎯 Palpites'!Q84='⚽ Jogos'!H83),3, IF(AND(SIGN('🎯 Palpites'!P84-'🎯 Palpites'!Q84)=SIGN('⚽ Jogos'!F83-'⚽ Jogos'!H83),('🎯 Palpites'!P84-'🎯 Palpites'!Q84)=('⚽ Jogos'!F83-'⚽ Jogos'!H83)),2, IF(SIGN('🎯 Palpites'!P84-'🎯 Palpites'!Q84)=SIGN('⚽ Jogos'!F83-'⚽ Jogos'!H83),1, 0)))) | K84: =IF(OR(NOT(ISNUMBER('⚽ Jogos'!F83)),NOT(ISNUMBER('⚽ Jogos'!H83)),NOT(ISNUMBER('🎯 Palpites'!R84)),NOT(ISNUMBER('🎯 Palpites'!S84))),"", IF(AND('🎯 Palpites'!R84='⚽ Jogos'!F83,'🎯 Palpites'!S84='⚽ Jogos'!H83),3, IF(AND(SIGN('🎯 Palpites'!R84-'🎯 Palpites'!S84)=SIGN('⚽ Jogos'!F83-'⚽ Jogos'!H83),('🎯 Palpites'!R84-'🎯 Palpites'!S84)=('⚽ Jogos'!F83-'⚽ Jogos'!H83)),2, IF(SIGN('🎯 Palpites'!R84-'🎯 Palpites'!S84)=SIGN('⚽ Jogos'!F83-'⚽ Jogos'!H83),1, 0)))) | L84: =IF(OR(NOT(ISNUMBER('⚽ Jogos'!F83)),NOT(ISNUMBER('⚽ Jogos'!H83)),NOT(ISNUMBER('🎯 Palpites'!T84)),NOT(ISNUMBER('🎯 Palpites'!U84))),"", IF(AND('🎯 Palpites'!T84='⚽ Jogos'!F83,'🎯 Palpites'!U84='⚽ Jogos'!H83),3, IF(AND(SIGN('🎯 Palpites'!T84-'🎯 Palpites'!U84)=SIGN('⚽ Jogos'!F83-'⚽ Jogos'!H83),('🎯 Palpites'!T84-'🎯 Palpites'!U84)=('⚽ Jogos'!F83-'⚽ Jogos'!H83)),2, IF(SIGN('🎯 Palpites'!T84-'🎯 Palpites'!U84)=SIGN('⚽ Jogos'!F83-'⚽ Jogos'!H83),1, 0)))) | M84: =IF(OR(NOT(ISNUMBER('⚽ Jogos'!F83)),NOT(ISNUMBER('⚽ Jogos'!H83)),NOT(ISNUMBER('🎯 Palpites'!V84)),NOT(ISNUMBER('🎯 Palpites'!W84))),"", IF(AND('🎯 Palpites'!V84='⚽ Jogos'!F83,'🎯 Palpites'!W84='⚽ Jogos'!H83),3, IF(AND(SIGN('🎯 Palpites'!V84-'🎯 Palpites'!W84)=SIGN('⚽ Jogos'!F83-'⚽ Jogos'!H83),('🎯 Palpites'!V84-'🎯 Palpites'!W84)=('⚽ Jogos'!F83-'⚽ Jogos'!H83)),2, IF(SIGN('🎯 Palpites'!V84-'🎯 Palpites'!W84)=SIGN('⚽ Jogos'!F83-'⚽ Jogos'!H83),1, 0)))) | N84: =IF(OR(NOT(ISNUMBER('⚽ Jogos'!F83)),NOT(ISNUMBER('⚽ Jogos'!H83)),NOT(ISNUMBER('🎯 Palpites'!X84)),NOT(ISNUMBER('🎯 Palpites'!Y84))),"", IF(AND('🎯 Palpites'!X84='⚽ Jogos'!F83,'🎯 Palpites'!Y84='⚽ Jogos'!H83),3, IF(AND(SIGN('🎯 Palpites'!X84-'🎯 Palpites'!Y84)=SIGN('⚽ Jogos'!F83-'⚽ Jogos'!H83),('🎯 Palpites'!X84-'🎯 Palpites'!Y84)=('⚽ Jogos'!F83-'⚽ Jogos'!H83)),2, IF(SIGN('🎯 Palpites'!X84-'🎯 Palpites'!Y84)=SIGN('⚽ Jogos'!F83-'⚽ Jogos'!H83),1, 0)))) | O84: =IF(OR(NOT(ISNUMBER('⚽ Jogos'!F83)),NOT(ISNUMBER('⚽ Jogos'!H83)),NOT(ISNUMBER('🎯 Palpites (11-20)'!F84)),NOT(ISNUMBER('🎯 Palpites (11-20)'!G84))),"", IF(AND('🎯 Palpites (11-20)'!F84='⚽ Jogos'!F83,'🎯 Palpites (11-20)'!G84='⚽ Jogos'!H83),3, IF(AND(SIGN('🎯 Palpites (11-20)'!F84-'🎯 Palpites (11-20)'!G84)=SIGN('⚽ Jogos'!F83-'⚽ Jogos'!H83),('🎯 Palpites (11-20)'!F84-'🎯 Palpites (11-20)'!G84)=('⚽ Jogos'!F83-'⚽ Jogos'!H83)),2, IF(SIGN('🎯 Palpites (11-20)'!F84-'🎯 Palpites (11-20)'!G84)=SIGN('⚽ Jogos'!F83-'⚽ Jogos'!H83),1, 0)))) | P84: =IF(OR(NOT(ISNUMBER('⚽ Jogos'!F83)),NOT(ISNUMBER('⚽ Jogos'!H83)),NOT(ISNUMBER('🎯 Palpites (11-20)'!H84)),NOT(ISNUMBER('🎯 Palpites (11-20)'!I84))),"", IF(AND('🎯 Palpites (11-20)'!H84='⚽ Jogos'!F83,'🎯 Palpites (11-20)'!I84='⚽ Jogos'!H83),3, IF(AND(SIGN('🎯 Palpites (11-20)'!H84-'🎯 Palpites (11-20)'!I84)=SIGN('⚽ Jogos'!F83-'⚽ Jogos'!H83),('🎯 Palpites (11-20)'!H84-'🎯 Palpites (11-20)'!I84)=('⚽ Jogos'!F83-'⚽ Jogos'!H83)),2, IF(SIGN('🎯 Palpites (11-20)'!H84-'🎯 Palpites (11-20)'!I84)=SIGN('⚽ Jogos'!F83-'⚽ Jogos'!H83),1, 0)))) | Q84: =IF(OR(NOT(ISNUMBER('⚽ Jogos'!F83)),NOT(ISNUMBER('⚽ Jogos'!H83)),NOT(ISNUMBER('🎯 Palpites (11-20)'!J84)),NOT(ISNUMBER('🎯 Palpites (11-20)'!K84))),"", IF(AND('🎯 Palpites (11-20)'!J84='⚽ Jogos'!F83,'🎯 Palpites (11-20)'!K84='⚽ Jogos'!H83),3, IF(AND(SIGN('🎯 Palpites (11-20)'!J84-'🎯 Palpites (11-20)'!K84)=SIGN('⚽ Jogos'!F83-'⚽ Jogos'!H83),('🎯 Palpites (11-20)'!J84-'🎯 Palpites (11-20)'!K84)=('⚽ Jogos'!F83-'⚽ Jogos'!H83)),2, IF(SIGN('🎯 Palpites (11-20)'!J84-'🎯 Palpites (11-20)'!K84)=SIGN('⚽ Jogos'!F83-'⚽ Jogos'!H83),1, 0)))) | R84: =IF(OR(NOT(ISNUMBER('⚽ Jogos'!F83)),NOT(ISNUMBER('⚽ Jogos'!H83)),NOT(ISNUMBER('🎯 Palpites (11-20)'!L84)),NOT(ISNUMBER('🎯 Palpites (11-20)'!M84))),"", IF(AND('🎯 Palpites (11-20)'!L84='⚽ Jogos'!F83,'🎯 Palpites (11-20)'!M84='⚽ Jogos'!H83),3, IF(AND(SIGN('🎯 Palpites (11-20)'!L84-'🎯 Palpites (11-20)'!M84)=SIGN('⚽ Jogos'!F83-'⚽ Jogos'!H83),('🎯 Palpites (11-20)'!L84-'🎯 Palpites (11-20)'!M84)=('⚽ Jogos'!F83-'⚽ Jogos'!H83)),2, IF(SIGN('🎯 Palpites (11-20)'!L84-'🎯 Palpites (11-20)'!M84)=SIGN('⚽ Jogos'!F83-'⚽ Jogos'!H83),1, 0)))) | S84: =IF(OR(NOT(ISNUMBER('⚽ Jogos'!F83)),NOT(ISNUMBER('⚽ Jogos'!H83)),NOT(ISNUMBER('🎯 Palpites (11-20)'!N84)),NOT(ISNUMBER('🎯 Palpites (11-20)'!O84))),"", IF(AND('🎯 Palpites (11-20)'!N84='⚽ Jogos'!F83,'🎯 Palpites (11-20)'!O84='⚽ Jogos'!H83),3, IF(AND(SIGN('🎯 Palpites (11-20)'!N84-'🎯 Palpites (11-20)'!O84)=SIGN('⚽ Jogos'!F83-'⚽ Jogos'!H83),('🎯 Palpites (11-20)'!N84-'🎯 Palpites (11-20)'!O84)=('⚽ Jogos'!F83-'⚽ Jogos'!H83)),2, IF(SIGN('🎯 Palpites (11-20)'!N84-'🎯 Palpites (11-20)'!O84)=SIGN('⚽ Jogos'!F83-'⚽ Jogos'!H83),1, 0)))) | T84: =IF(OR(NOT(ISNUMBER('⚽ Jogos'!F83)),NOT(ISNUMBER('⚽ Jogos'!H83)),NOT(ISNUMBER('🎯 Palpites (11-20)'!P84)),NOT(ISNUMBER('🎯 Palpites (11-20)'!Q84))),"", IF(AND('🎯 Palpites (11-20)'!P84='⚽ Jogos'!F83,'🎯 Palpites (11-20)'!Q84='⚽ Jogos'!H83),3, IF(AND(SIGN('🎯 Palpites (11-20)'!P84-'🎯 Palpites (11-20)'!Q84)=SIGN('⚽ Jogos'!F83-'⚽ Jogos'!H83),('🎯 Palpites (11-20)'!P84-'🎯 Palpites (11-20)'!Q84)=('⚽ Jogos'!F83-'⚽ Jogos'!H83)),2, IF(SIGN('🎯 Palpites (11-20)'!P84-'🎯 Palpites (11-20)'!Q84)=SIGN('⚽ Jogos'!F83-'⚽ Jogos'!H83),1, 0)))) | U84: =IF(OR(NOT(ISNUMBER('⚽ Jogos'!F83)),NOT(ISNUMBER('⚽ Jogos'!H83)),NOT(ISNUMBER('🎯 Palpites (11-20)'!R84)),NOT(ISNUMBER('🎯 Palpites (11-20)'!S84))),"", IF(AND('🎯 Palpites (11-20)'!R84='⚽ Jogos'!F83,'🎯 Palpites (11-20)'!S84='⚽ Jogos'!H83),3, IF(AND(SIGN('🎯 Palpites (11-20)'!R84-'🎯 Palpites (11-20)'!S84)=SIGN('⚽ Jogos'!F83-'⚽ Jogos'!H83),('🎯 Palpites (11-20)'!R84-'🎯 Palpites (11-20)'!S84)=('⚽ Jogos'!F83-'⚽ Jogos'!H83)),2, IF(SIGN('🎯 Palpites (11-20)'!R84-'🎯 Palpites (11-20)'!S84)=SIGN('⚽ Jogos'!F83-'⚽ Jogos'!H83),1, 0)))) | V84: =IF(OR(NOT(ISNUMBER('⚽ Jogos'!F83)),NOT(ISNUMBER('⚽ Jogos'!H83)),NOT(ISNUMBER('🎯 Palpites (11-20)'!T84)),NOT(ISNUMBER('🎯 Palpites (11-20)'!U84))),"", IF(AND('🎯 Palpites (11-20)'!T84='⚽ Jogos'!F83,'🎯 Palpites (11-20)'!U84='⚽ Jogos'!H83),3, IF(AND(SIGN('🎯 Palpites (11-20)'!T84-'🎯 Palpites (11-20)'!U84)=SIGN('⚽ Jogos'!F83-'⚽ Jogos'!H83),('🎯 Palpites (11-20)'!T84-'🎯 Palpites (11-20)'!U84)=('⚽ Jogos'!F83-'⚽ Jogos'!H83)),2, IF(SIGN('🎯 Palpites (11-20)'!T84-'🎯 Palpites (11-20)'!U84)=SIGN('⚽ Jogos'!F83-'⚽ Jogos'!H83),1, 0)))) | W84: =IF(OR(NOT(ISNUMBER('⚽ Jogos'!F83)),NOT(ISNUMBER('⚽ Jogos'!H83)),NOT(ISNUMBER('🎯 Palpites (11-20)'!V84)),NOT(ISNUMBER('🎯 Palpites (11-20)'!W84))),"", IF(AND('🎯 Palpites (11-20)'!V84='⚽ Jogos'!F83,'🎯 Palpites (11-20)'!W84='⚽ Jogos'!H83),3, IF(AND(SIGN('🎯 Palpites (11-20)'!V84-'🎯 Palpites (11-20)'!W84)=SIGN('⚽ Jogos'!F83-'⚽ Jogos'!H83),('🎯 Palpites (11-20)'!V84-'🎯 Palpites (11-20)'!W84)=('⚽ Jogos'!F83-'⚽ Jogos'!H83)),2, IF(SIGN('🎯 Palpites (11-20)'!V84-'🎯 Palpites (11-20)'!W84)=SIGN('⚽ Jogos'!F83-'⚽ Jogos'!H83),1, 0)))) | X84: =IF(OR(NOT(ISNUMBER('⚽ Jogos'!F83)),NOT(ISNUMBER('⚽ Jogos'!H83)),NOT(ISNUMBER('🎯 Palpites (11-20)'!X84)),NOT(ISNUMBER('🎯 Palpites (11-20)'!Y84))),"", IF(AND('🎯 Palpites (11-20)'!X84='⚽ Jogos'!F83,'🎯 Palpites (11-20)'!Y84='⚽ Jogos'!H83),3, IF(AND(SIGN('🎯 Palpites (11-20)'!X84-'🎯 Palpites (11-20)'!Y84)=SIGN('⚽ Jogos'!F83-'⚽ Jogos'!H83),('🎯 Palpites (11-20)'!X84-'🎯 Palpites (11-20)'!Y84)=('⚽ Jogos'!F83-'⚽ Jogos'!H83)),2, IF(SIGN('🎯 Palpites (11-20)'!X84-'🎯 Palpites (11-20)'!Y84)=SIGN('⚽ Jogos'!F83-'⚽ Jogos'!H83),1, 0))))
B85: 77 | C85: Vencedor do Grupo I | D85: Terceiro colocado dos Grupos C/D/F/G/H | E85: =IF(OR(NOT(ISNUMBER('⚽ Jogos'!F84)),NOT(ISNUMBER('⚽ Jogos'!H84)),NOT(ISNUMBER('🎯 Palpites'!F85)),NOT(ISNUMBER('🎯 Palpites'!G85))),"", IF(AND('🎯 Palpites'!F85='⚽ Jogos'!F84,'🎯 Palpites'!G85='⚽ Jogos'!H84),3, IF(AND(SIGN('🎯 Palpites'!F85-'🎯 Palpites'!G85)=SIGN('⚽ Jogos'!F84-'⚽ Jogos'!H84),('🎯 Palpites'!F85-'🎯 Palpites'!G85)=('⚽ Jogos'!F84-'⚽ Jogos'!H84)),2, IF(SIGN('🎯 Palpites'!F85-'🎯 Palpites'!G85)=SIGN('⚽ Jogos'!F84-'⚽ Jogos'!H84),1, 0)))) | F85: =IF(OR(NOT(ISNUMBER('⚽ Jogos'!F84)),NOT(ISNUMBER('⚽ Jogos'!H84)),NOT(ISNUMBER('🎯 Palpites'!H85)),NOT(ISNUMBER('🎯 Palpites'!I85))),"", IF(AND('🎯 Palpites'!H85='⚽ Jogos'!F84,'🎯 Palpites'!I85='⚽ Jogos'!H84),3, IF(AND(SIGN('🎯 Palpites'!H85-'🎯 Palpites'!I85)=SIGN('⚽ Jogos'!F84-'⚽ Jogos'!H84),('🎯 Palpites'!H85-'🎯 Palpites'!I85)=('⚽ Jogos'!F84-'⚽ Jogos'!H84)),2, IF(SIGN('🎯 Palpites'!H85-'🎯 Palpites'!I85)=SIGN('⚽ Jogos'!F84-'⚽ Jogos'!H84),1, 0)))) | G85: =IF(OR(NOT(ISNUMBER('⚽ Jogos'!F84)),NOT(ISNUMBER('⚽ Jogos'!H84)),NOT(ISNUMBER('🎯 Palpites'!J85)),NOT(ISNUMBER('🎯 Palpites'!K85))),"", IF(AND('🎯 Palpites'!J85='⚽ Jogos'!F84,'🎯 Palpites'!K85='⚽ Jogos'!H84),3, IF(AND(SIGN('🎯 Palpites'!J85-'🎯 Palpites'!K85)=SIGN('⚽ Jogos'!F84-'⚽ Jogos'!H84),('🎯 Palpites'!J85-'🎯 Palpites'!K85)=('⚽ Jogos'!F84-'⚽ Jogos'!H84)),2, IF(SIGN('🎯 Palpites'!J85-'🎯 Palpites'!K85)=SIGN('⚽ Jogos'!F84-'⚽ Jogos'!H84),1, 0)))) | H85: =IF(OR(NOT(ISNUMBER('⚽ Jogos'!F84)),NOT(ISNUMBER('⚽ Jogos'!H84)),NOT(ISNUMBER('🎯 Palpites'!L85)),NOT(ISNUMBER('🎯 Palpites'!M85))),"", IF(AND('🎯 Palpites'!L85='⚽ Jogos'!F84,'🎯 Palpites'!M85='⚽ Jogos'!H84),3, IF(AND(SIGN('🎯 Palpites'!L85-'🎯 Palpites'!M85)=SIGN('⚽ Jogos'!F84-'⚽ Jogos'!H84),('🎯 Palpites'!L85-'🎯 Palpites'!M85)=('⚽ Jogos'!F84-'⚽ Jogos'!H84)),2, IF(SIGN('🎯 Palpites'!L85-'🎯 Palpites'!M85)=SIGN('⚽ Jogos'!F84-'⚽ Jogos'!H84),1, 0)))) | I85: =IF(OR(NOT(ISNUMBER('⚽ Jogos'!F84)),NOT(ISNUMBER('⚽ Jogos'!H84)),NOT(ISNUMBER('🎯 Palpites'!N85)),NOT(ISNUMBER('🎯 Palpites'!O85))),"", IF(AND('🎯 Palpites'!N85='⚽ Jogos'!F84,'🎯 Palpites'!O85='⚽ Jogos'!H84),3, IF(AND(SIGN('🎯 Palpites'!N85-'🎯 Palpites'!O85)=SIGN('⚽ Jogos'!F84-'⚽ Jogos'!H84),('🎯 Palpites'!N85-'🎯 Palpites'!O85)=('⚽ Jogos'!F84-'⚽ Jogos'!H84)),2, IF(SIGN('🎯 Palpites'!N85-'🎯 Palpites'!O85)=SIGN('⚽ Jogos'!F84-'⚽ Jogos'!H84),1, 0)))) | J85: =IF(OR(NOT(ISNUMBER('⚽ Jogos'!F84)),NOT(ISNUMBER('⚽ Jogos'!H84)),NOT(ISNUMBER('🎯 Palpites'!P85)),NOT(ISNUMBER('🎯 Palpites'!Q85))),"", IF(AND('🎯 Palpites'!P85='⚽ Jogos'!F84,'🎯 Palpites'!Q85='⚽ Jogos'!H84),3, IF(AND(SIGN('🎯 Palpites'!P85-'🎯 Palpites'!Q85)=SIGN('⚽ Jogos'!F84-'⚽ Jogos'!H84),('🎯 Palpites'!P85-'🎯 Palpites'!Q85)=('⚽ Jogos'!F84-'⚽ Jogos'!H84)),2, IF(SIGN('🎯 Palpites'!P85-'🎯 Palpites'!Q85)=SIGN('⚽ Jogos'!F84-'⚽ Jogos'!H84),1, 0)))) | K85: =IF(OR(NOT(ISNUMBER('⚽ Jogos'!F84)),NOT(ISNUMBER('⚽ Jogos'!H84)),NOT(ISNUMBER('🎯 Palpites'!R85)),NOT(ISNUMBER('🎯 Palpites'!S85))),"", IF(AND('🎯 Palpites'!R85='⚽ Jogos'!F84,'🎯 Palpites'!S85='⚽ Jogos'!H84),3, IF(AND(SIGN('🎯 Palpites'!R85-'🎯 Palpites'!S85)=SIGN('⚽ Jogos'!F84-'⚽ Jogos'!H84),('🎯 Palpites'!R85-'🎯 Palpites'!S85)=('⚽ Jogos'!F84-'⚽ Jogos'!H84)),2, IF(SIGN('🎯 Palpites'!R85-'🎯 Palpites'!S85)=SIGN('⚽ Jogos'!F84-'⚽ Jogos'!H84),1, 0)))) | L85: =IF(OR(NOT(ISNUMBER('⚽ Jogos'!F84)),NOT(ISNUMBER('⚽ Jogos'!H84)),NOT(ISNUMBER('🎯 Palpites'!T85)),NOT(ISNUMBER('🎯 Palpites'!U85))),"", IF(AND('🎯 Palpites'!T85='⚽ Jogos'!F84,'🎯 Palpites'!U85='⚽ Jogos'!H84),3, IF(AND(SIGN('🎯 Palpites'!T85-'🎯 Palpites'!U85)=SIGN('⚽ Jogos'!F84-'⚽ Jogos'!H84),('🎯 Palpites'!T85-'🎯 Palpites'!U85)=('⚽ Jogos'!F84-'⚽ Jogos'!H84)),2, IF(SIGN('🎯 Palpites'!T85-'🎯 Palpites'!U85)=SIGN('⚽ Jogos'!F84-'⚽ Jogos'!H84),1, 0)))) | M85: =IF(OR(NOT(ISNUMBER('⚽ Jogos'!F84)),NOT(ISNUMBER('⚽ Jogos'!H84)),NOT(ISNUMBER('🎯 Palpites'!V85)),NOT(ISNUMBER('🎯 Palpites'!W85))),"", IF(AND('🎯 Palpites'!V85='⚽ Jogos'!F84,'🎯 Palpites'!W85='⚽ Jogos'!H84),3, IF(AND(SIGN('🎯 Palpites'!V85-'🎯 Palpites'!W85)=SIGN('⚽ Jogos'!F84-'⚽ Jogos'!H84),('🎯 Palpites'!V85-'🎯 Palpites'!W85)=('⚽ Jogos'!F84-'⚽ Jogos'!H84)),2, IF(SIGN('🎯 Palpites'!V85-'🎯 Palpites'!W85)=SIGN('⚽ Jogos'!F84-'⚽ Jogos'!H84),1, 0)))) | N85: =IF(OR(NOT(ISNUMBER('⚽ Jogos'!F84)),NOT(ISNUMBER('⚽ Jogos'!H84)),NOT(ISNUMBER('🎯 Palpites'!X85)),NOT(ISNUMBER('🎯 Palpites'!Y85))),"", IF(AND('🎯 Palpites'!X85='⚽ Jogos'!F84,'🎯 Palpites'!Y85='⚽ Jogos'!H84),3, IF(AND(SIGN('🎯 Palpites'!X85-'🎯 Palpites'!Y85)=SIGN('⚽ Jogos'!F84-'⚽ Jogos'!H84),('🎯 Palpites'!X85-'🎯 Palpites'!Y85)=('⚽ Jogos'!F84-'⚽ Jogos'!H84)),2, IF(SIGN('🎯 Palpites'!X85-'🎯 Palpites'!Y85)=SIGN('⚽ Jogos'!F84-'⚽ Jogos'!H84),1, 0)))) | O85: =IF(OR(NOT(ISNUMBER('⚽ Jogos'!F84)),NOT(ISNUMBER('⚽ Jogos'!H84)),NOT(ISNUMBER('🎯 Palpites (11-20)'!F85)),NOT(ISNUMBER('🎯 Palpites (11-20)'!G85))),"", IF(AND('🎯 Palpites (11-20)'!F85='⚽ Jogos'!F84,'🎯 Palpites (11-20)'!G85='⚽ Jogos'!H84),3, IF(AND(SIGN('🎯 Palpites (11-20)'!F85-'🎯 Palpites (11-20)'!G85)=SIGN('⚽ Jogos'!F84-'⚽ Jogos'!H84),('🎯 Palpites (11-20)'!F85-'🎯 Palpites (11-20)'!G85)=('⚽ Jogos'!F84-'⚽ Jogos'!H84)),2, IF(SIGN('🎯 Palpites (11-20)'!F85-'🎯 Palpites (11-20)'!G85)=SIGN('⚽ Jogos'!F84-'⚽ Jogos'!H84),1, 0)))) | P85: =IF(OR(NOT(ISNUMBER('⚽ Jogos'!F84)),NOT(ISNUMBER('⚽ Jogos'!H84)),NOT(ISNUMBER('🎯 Palpites (11-20)'!H85)),NOT(ISNUMBER('🎯 Palpites (11-20)'!I85))),"", IF(AND('🎯 Palpites (11-20)'!H85='⚽ Jogos'!F84,'🎯 Palpites (11-20)'!I85='⚽ Jogos'!H84),3, IF(AND(SIGN('🎯 Palpites (11-20)'!H85-'🎯 Palpites (11-20)'!I85)=SIGN('⚽ Jogos'!F84-'⚽ Jogos'!H84),('🎯 Palpites (11-20)'!H85-'🎯 Palpites (11-20)'!I85)=('⚽ Jogos'!F84-'⚽ Jogos'!H84)),2, IF(SIGN('🎯 Palpites (11-20)'!H85-'🎯 Palpites (11-20)'!I85)=SIGN('⚽ Jogos'!F84-'⚽ Jogos'!H84),1, 0)))) | Q85: =IF(OR(NOT(ISNUMBER('⚽ Jogos'!F84)),NOT(ISNUMBER('⚽ Jogos'!H84)),NOT(ISNUMBER('🎯 Palpites (11-20)'!J85)),NOT(ISNUMBER('🎯 Palpites (11-20)'!K85))),"", IF(AND('🎯 Palpites (11-20)'!J85='⚽ Jogos'!F84,'🎯 Palpites (11-20)'!K85='⚽ Jogos'!H84),3, IF(AND(SIGN('🎯 Palpites (11-20)'!J85-'🎯 Palpites (11-20)'!K85)=SIGN('⚽ Jogos'!F84-'⚽ Jogos'!H84),('🎯 Palpites (11-20)'!J85-'🎯 Palpites (11-20)'!K85)=('⚽ Jogos'!F84-'⚽ Jogos'!H84)),2, IF(SIGN('🎯 Palpites (11-20)'!J85-'🎯 Palpites (11-20)'!K85)=SIGN('⚽ Jogos'!F84-'⚽ Jogos'!H84),1, 0)))) | R85: =IF(OR(NOT(ISNUMBER('⚽ Jogos'!F84)),NOT(ISNUMBER('⚽ Jogos'!H84)),NOT(ISNUMBER('🎯 Palpites (11-20)'!L85)),NOT(ISNUMBER('🎯 Palpites (11-20)'!M85))),"", IF(AND('🎯 Palpites (11-20)'!L85='⚽ Jogos'!F84,'🎯 Palpites (11-20)'!M85='⚽ Jogos'!H84),3, IF(AND(SIGN('🎯 Palpites (11-20)'!L85-'🎯 Palpites (11-20)'!M85)=SIGN('⚽ Jogos'!F84-'⚽ Jogos'!H84),('🎯 Palpites (11-20)'!L85-'🎯 Palpites (11-20)'!M85)=('⚽ Jogos'!F84-'⚽ Jogos'!H84)),2, IF(SIGN('🎯 Palpites (11-20)'!L85-'🎯 Palpites (11-20)'!M85)=SIGN('⚽ Jogos'!F84-'⚽ Jogos'!H84),1, 0)))) | S85: =IF(OR(NOT(ISNUMBER('⚽ Jogos'!F84)),NOT(ISNUMBER('⚽ Jogos'!H84)),NOT(ISNUMBER('🎯 Palpites (11-20)'!N85)),NOT(ISNUMBER('🎯 Palpites (11-20)'!O85))),"", IF(AND('🎯 Palpites (11-20)'!N85='⚽ Jogos'!F84,'🎯 Palpites (11-20)'!O85='⚽ Jogos'!H84),3, IF(AND(SIGN('🎯 Palpites (11-20)'!N85-'🎯 Palpites (11-20)'!O85)=SIGN('⚽ Jogos'!F84-'⚽ Jogos'!H84),('🎯 Palpites (11-20)'!N85-'🎯 Palpites (11-20)'!O85)=('⚽ Jogos'!F84-'⚽ Jogos'!H84)),2, IF(SIGN('🎯 Palpites (11-20)'!N85-'🎯 Palpites (11-20)'!O85)=SIGN('⚽ Jogos'!F84-'⚽ Jogos'!H84),1, 0)))) | T85: =IF(OR(NOT(ISNUMBER('⚽ Jogos'!F84)),NOT(ISNUMBER('⚽ Jogos'!H84)),NOT(ISNUMBER('🎯 Palpites (11-20)'!P85)),NOT(ISNUMBER('🎯 Palpites (11-20)'!Q85))),"", IF(AND('🎯 Palpites (11-20)'!P85='⚽ Jogos'!F84,'🎯 Palpites (11-20)'!Q85='⚽ Jogos'!H84),3, IF(AND(SIGN('🎯 Palpites (11-20)'!P85-'🎯 Palpites (11-20)'!Q85)=SIGN('⚽ Jogos'!F84-'⚽ Jogos'!H84),('🎯 Palpites (11-20)'!P85-'🎯 Palpites (11-20)'!Q85)=('⚽ Jogos'!F84-'⚽ Jogos'!H84)),2, IF(SIGN('🎯 Palpites (11-20)'!P85-'🎯 Palpites (11-20)'!Q85)=SIGN('⚽ Jogos'!F84-'⚽ Jogos'!H84),1, 0)))) | U85: =IF(OR(NOT(ISNUMBER('⚽ Jogos'!F84)),NOT(ISNUMBER('⚽ Jogos'!H84)),NOT(ISNUMBER('🎯 Palpites (11-20)'!R85)),NOT(ISNUMBER('🎯 Palpites (11-20)'!S85))),"", IF(AND('🎯 Palpites (11-20)'!R85='⚽ Jogos'!F84,'🎯 Palpites (11-20)'!S85='⚽ Jogos'!H84),3, IF(AND(SIGN('🎯 Palpites (11-20)'!R85-'🎯 Palpites (11-20)'!S85)=SIGN('⚽ Jogos'!F84-'⚽ Jogos'!H84),('🎯 Palpites (11-20)'!R85-'🎯 Palpites (11-20)'!S85)=('⚽ Jogos'!F84-'⚽ Jogos'!H84)),2, IF(SIGN('🎯 Palpites (11-20)'!R85-'🎯 Palpites (11-20)'!S85)=SIGN('⚽ Jogos'!F84-'⚽ Jogos'!H84),1, 0)))) | V85: =IF(OR(NOT(ISNUMBER('⚽ Jogos'!F84)),NOT(ISNUMBER('⚽ Jogos'!H84)),NOT(ISNUMBER('🎯 Palpites (11-20)'!T85)),NOT(ISNUMBER('🎯 Palpites (11-20)'!U85))),"", IF(AND('🎯 Palpites (11-20)'!T85='⚽ Jogos'!F84,'🎯 Palpites (11-20)'!U85='⚽ Jogos'!H84),3, IF(AND(SIGN('🎯 Palpites (11-20)'!T85-'🎯 Palpites (11-20)'!U85)=SIGN('⚽ Jogos'!F84-'⚽ Jogos'!H84),('🎯 Palpites (11-20)'!T85-'🎯 Palpites (11-20)'!U85)=('⚽ Jogos'!F84-'⚽ Jogos'!H84)),2, IF(SIGN('🎯 Palpites (11-20)'!T85-'🎯 Palpites (11-20)'!U85)=SIGN('⚽ Jogos'!F84-'⚽ Jogos'!H84),1, 0)))) | W85: =IF(OR(NOT(ISNUMBER('⚽ Jogos'!F84)),NOT(ISNUMBER('⚽ Jogos'!H84)),NOT(ISNUMBER('🎯 Palpites (11-20)'!V85)),NOT(ISNUMBER('🎯 Palpites (11-20)'!W85))),"", IF(AND('🎯 Palpites (11-20)'!V85='⚽ Jogos'!F84,'🎯 Palpites (11-20)'!W85='⚽ Jogos'!H84),3, IF(AND(SIGN('🎯 Palpites (11-20)'!V85-'🎯 Palpites (11-20)'!W85)=SIGN('⚽ Jogos'!F84-'⚽ Jogos'!H84),('🎯 Palpites (11-20)'!V85-'🎯 Palpites (11-20)'!W85)=('⚽ Jogos'!F84-'⚽ Jogos'!H84)),2, IF(SIGN('🎯 Palpites (11-20)'!V85-'🎯 Palpites (11-20)'!W85)=SIGN('⚽ Jogos'!F84-'⚽ Jogos'!H84),1, 0)))) | X85: =IF(OR(NOT(ISNUMBER('⚽ Jogos'!F84)),NOT(ISNUMBER('⚽ Jogos'!H84)),NOT(ISNUMBER('🎯 Palpites (11-20)'!X85)),NOT(ISNUMBER('🎯 Palpites (11-20)'!Y85))),"", IF(AND('🎯 Palpites (11-20)'!X85='⚽ Jogos'!F84,'🎯 Palpites (11-20)'!Y85='⚽ Jogos'!H84),3, IF(AND(SIGN('🎯 Palpites (11-20)'!X85-'🎯 Palpites (11-20)'!Y85)=SIGN('⚽ Jogos'!F84-'⚽ Jogos'!H84),('🎯 Palpites (11-20)'!X85-'🎯 Palpites (11-20)'!Y85)=('⚽ Jogos'!F84-'⚽ Jogos'!H84)),2, IF(SIGN('🎯 Palpites (11-20)'!X85-'🎯 Palpites (11-20)'!Y85)=SIGN('⚽ Jogos'!F84-'⚽ Jogos'!H84),1, 0))))
